-- --------------------------------------------------------
-- Hôte:                         127.0.0.1
-- Version du serveur:           8.4.3 - MySQL Community Server - GPL
-- SE du serveur:                Win64
-- HeidiSQL Version:             12.8.0.6908
-- --------------------------------------------------------

/*!40101 SET @OLD_CHARACTER_SET_CLIENT=@@CHARACTER_SET_CLIENT */;
/*!40101 SET NAMES utf8 */;
/*!50503 SET NAMES utf8mb4 */;
/*!40103 SET @OLD_TIME_ZONE=@@TIME_ZONE */;
/*!40103 SET TIME_ZONE='+00:00' */;
/*!40014 SET @OLD_FOREIGN_KEY_CHECKS=@@FOREIGN_KEY_CHECKS, FOREIGN_KEY_CHECKS=0 */;
/*!40101 SET @OLD_SQL_MODE=@@SQL_MODE, SQL_MODE='NO_AUTO_VALUE_ON_ZERO' */;
/*!40111 SET @OLD_SQL_NOTES=@@SQL_NOTES, SQL_NOTES=0 */;


-- Listage de la structure de la base pour minifacturier
CREATE DATABASE IF NOT EXISTS `minifacturier` /*!40100 DEFAULT CHARACTER SET utf8mb4 COLLATE utf8mb4_0900_ai_ci */ /*!80016 DEFAULT ENCRYPTION='N' */;
USE `minifacturier`;

-- Listage de la structure de table minifacturier. customer
CREATE TABLE IF NOT EXISTS `customer` (
  `id` int NOT NULL AUTO_INCREMENT,
  `first_name_customer` varchar(100) COLLATE utf8mb4_unicode_ci NOT NULL,
  `last_name_customer` varchar(100) COLLATE utf8mb4_unicode_ci NOT NULL,
  `address_customer` varchar(255) COLLATE utf8mb4_unicode_ci DEFAULT NULL,
  `phone_customer` varchar(20) COLLATE utf8mb4_unicode_ci DEFAULT NULL,
  PRIMARY KEY (`id`)
) ENGINE=InnoDB DEFAULT CHARSET=utf8mb4 COLLATE=utf8mb4_unicode_ci;

-- Listage des données de la table minifacturier.customer : ~100 rows (environ)
INSERT INTO `customer` (`id`, `first_name_customer`, `last_name_customer`, `address_customer`, `phone_customer`) VALUES
	(1, 'Paul', 'Moreau', 'paul.moreau@gmail.com', '0711818297'),
	(2, 'Emma', 'Laurent', 'emma.laurent@yahoo.fr', '0248392716'),
	(3, 'Lucas', 'Simon', 'lucas.simon@outlook.fr', '0391827465'),
	(4, 'Chloe', 'Michel', 'chloe.michel@gmail.com', '0462738195'),
	(5, 'Louis', 'Lefebvre', 'louis.lefebvre@yahoo.fr', '0559182736'),
	(6, 'Manon', 'Leroy', 'manon.leroy@outlook.fr', '0682736451'),
	(7, 'Hugo', 'Roux', 'hugo.roux@gmail.com', '0791826354'),
	(8, 'Sarah', 'Vincent', 'sarah.vincent@yahoo.fr', '0918273645'),
	(9, 'Leo', 'Perez', 'leo.perez@outlook.fr', '0129384756'),
	(10, 'Ines', 'Faure', 'ines.faure@gmail.com', '0237465891'),
	(11, 'Nathan', 'Blanc', 'nathan.blanc@yahoo.fr', '0348571926'),
	(12, 'Julie', 'Guerin', 'julie.guerin@outlook.fr', '0459182734'),
	(13, 'Arthur', 'Muller', 'arthur.muller@gmail.com', '0561827394'),
	(14, 'Lucie', 'Henry', 'lucie.henry@yahoo.fr', '0673941825'),
	(15, 'Gabriel', 'Roussel', 'gabriel.roussel@outlook.fr', '0781927364'),
	(16, 'Lea', 'Nicolas', 'lea.nicolas@gmail.com', '0928374651'),
	(17, 'Jules', 'Perrin', 'jules.perrin@yahoo.fr', '0139485762'),
	(18, 'Eva', 'Morin', 'eva.morin@outlook.fr', '0248571936'),
	(19, 'Maxime', 'Mathieu', 'maxime.mathieu@gmail.com', '0359182746'),
	(20, 'Louise', 'Clement', 'louise.clement@yahoo.fr', '0461827395'),
	(21, 'Alexandre', 'Gauthier', 'alexandre.gauthier@gmail.com', '0573941826'),
	(22, 'Alice', 'Dumont', 'alice.dumont@yahoo.fr', '0681927354'),
	(23, 'Quentin', 'Lopez', 'quentin.lopez@outlook.fr', '0792837465'),
	(24, 'Marine', 'Fontaine', 'marine.fontaine@gmail.com', '0918274653'),
	(25, 'Baptiste', 'Chevalier', 'baptiste.chevalier@yahoo.fr', '0123748596'),
	(26, 'Jeanne', 'Robin', 'jeanne.robin@outlook.fr', '0239485761'),
	(27, 'Valentin', 'Masson', 'valentin.masson@gmail.com', '0348571925'),
	(28, 'Margaux', 'Sanchez', 'margaux.sanchez@yahoo.fr', '0459182736'),
	(29, 'Theo', 'Gerard', 'theo.gerard@outlook.fr', '0561827391'),
	(30, 'Agathe', 'Nguyen', 'agathe.nguyen@gmail.com', '0673941827'),
	(31, 'Benjamin', 'Boyer', 'benjamin.boyer@yahoo.fr', '0781927365'),
	(32, 'Romane', 'Denis', 'romane.denis@outlook.fr', '0928374652'),
	(33, 'Corentin', 'Lemaire', 'corentin.lemaire@gmail.com', '0139485763'),
	(34, 'Lola', 'Duval', 'lola.duval@yahoo.fr', '0248571937'),
	(35, 'Adrien', 'Joly', 'adrien.joly@outlook.fr', '0359182741'),
	(36, 'Elsa', 'Gautier', 'elsa.gautier@gmail.com', '0461827396'),
	(37, 'Matthieu', 'Roger', 'matthieu.roger@yahoo.fr', '0573941823'),
	(38, 'Anais', 'Roche', 'anais.roche@outlook.fr', '0681927351'),
	(39, 'Florian', 'Roy', 'florian.roy@gmail.com', '0792837461'),
	(40, 'Noemie', 'Noel', 'noemie.noel@yahoo.fr', '0918274657'),
	(41, 'Clement', 'Meyer', 'clement.meyer@outlook.fr', '0123748591'),
	(42, 'Amandine', 'Lucas', 'amandine.lucas@gmail.com', '0239485764'),
	(43, 'Damien', 'Meunier', 'damien.meunier@yahoo.fr', '0348571921'),
	(44, 'Oceane', 'Berger', 'oceane.berger@outlook.fr', '0459182731'),
	(45, 'Sebastien', 'Leclerc', 'sebastien.leclerc@gmail.com', '0561827397'),
	(46, 'Pauline', 'Renard', 'pauline.renard@yahoo.fr', '0673941821'),
	(47, 'Kevin', 'Marchand', 'kevin.marchand@outlook.fr', '0781927361'),
	(48, 'Elodie', 'Colin', 'elodie.colin@gmail.com', '0928374658'),
	(49, 'Romain', 'Vidal', 'romain.vidal@yahoo.fr', '0139485765'),
	(50, 'Morgane', 'Caron', 'morgane.caron@outlook.fr', '0248571931'),
	(51, 'Julien', 'Picard', 'julien.picard@gmail.com', '0359182742'),
	(52, 'Charlotte', 'Renault', 'charlotte.renault@yahoo.fr', '0461827392'),
	(53, 'Guillaume', 'Aubert', 'guillaume.aubert@outlook.fr', '0573941828'),
	(54, 'Melanie', 'Lemoine', 'melanie.lemoine@gmail.com', '0681927358'),
	(55, 'Yann', 'Brun', 'yann.brun@yahoo.fr', '0792837468'),
	(56, 'Celine', 'Gaillard', 'celine.gaillard@outlook.fr', '0918274659'),
	(57, 'Benoit', 'Barbier', 'benoit.barbier@gmail.com', '0123748592'),
	(58, 'Audrey', 'Arnaud', 'audrey.arnaud@yahoo.fr', '0239485766'),
	(59, 'Franck', 'Renaud', 'franck.renaud@outlook.fr', '0348571922'),
	(60, 'Helene', 'Schmitt', 'helene.schmitt@gmail.com', '0459182732'),
	(61, 'Jerome', 'Marin', 'jerome.marin@yahoo.fr', '0561827392'),
	(62, 'Sandra', 'Bourgeois', 'sandra.bourgeois@outlook.fr', '0673941822'),
	(63, 'Fabien', 'Moulin', 'fabien.moulin@gmail.com', '0781927362'),
	(64, 'Marion', 'Paris', 'marion.paris@yahoo.fr', '0928374653'),
	(65, 'Cedric', 'Bailly', 'cedric.bailly@outlook.fr', '0139485767'),
	(66, 'Amelie', 'Lacroix', 'amelie.lacroix@gmail.com', '0248571932'),
	(67, 'Xavier', 'Charles', 'xavier.charles@yahoo.fr', '0359182743'),
	(68, 'Caroline', 'Perrot', 'caroline.perrot@outlook.fr', '0461827393'),
	(69, 'Loic', 'Huet', 'loic.huet@gmail.com', '0573941829'),
	(70, 'Fanny', 'Benoit', 'fanny.benoit@yahoo.fr', '0681927359'),
	(71, 'Stephane', 'Jacquet', 'stephane.jacquet@outlook.fr', '0792837469'),
	(72, 'Laetitia', 'Maillard', 'laetitia.maillard@gmail.com', '0918274660'),
	(73, 'Vincent', 'Adam', 'vincent.adam@yahoo.fr', '0123748593'),
	(74, 'Delphine', 'Marechal', 'delphine.marechal@outlook.fr', '0239485768'),
	(75, 'Eric', 'Leroux', 'eric.leroux@gmail.com', '0348571923'),
	(76, 'Nathalie', 'Parisot', 'nathalie.parisot@yahoo.fr', '0459182733'),
	(77, 'Samuel', 'Pascal', 'samuel.pascal@outlook.fr', '0561827393'),
	(78, 'Clara', 'Cordier', 'clara.cordier@gmail.com', '0673941823'),
	(79, 'Frederic', 'Besson', 'frederic.besson@yahoo.fr', '0781927363'),
	(80, 'Justine', 'Poirier', 'justine.poirier@outlook.fr', '0928374654'),
	(81, 'Olivier', 'Dupont', 'olivier.dupont@gmail.com', '0139485769'),
	(82, 'Estelle', 'Martin', 'estelle.martin@yahoo.fr', '0248571933'),
	(83, 'Christophe', 'Bernard', 'christophe.bernard@outlook.fr', '0359182744'),
	(84, 'Maeva', 'Petit', 'maeva.petit@gmail.com', '0461827394'),
	(85, 'Patrice', 'Robert', 'patrice.robert@yahoo.fr', '0573941830'),
	(86, 'Aurelie', 'Richard', 'aurelie.richard@outlook.fr', '0681927360'),
	(87, 'Didier', 'Durand', 'didier.durand@gmail.com', '0792837470'),
	(88, 'Solene', 'Dubois', 'solene.dubois@yahoo.fr', '0918274661'),
	(89, 'Alexis', 'Morel', 'alexis.morel@gmail.com', '0123748594'),
	(90, 'Camille', 'Renaud', 'camille.renaud@yahoo.fr', '0239485769'),
	(91, 'Tom', 'Marchal', 'tom.marchal@outlook.fr', '0348571924'),
	(92, 'Eva', 'Chevallier', 'eva.chevallier@gmail.com', '0459182735'),
	(93, 'Mathis', 'Pichon', 'mathis.pichon@yahoo.fr', '0561827395'),
	(94, 'Clara', 'Guillot', 'clara.guillot@outlook.fr', '0673941824'),
	(95, 'Enzo', 'Baron', 'enzo.baron@gmail.com', '0781927364'),
	(96, 'Lina', 'Prevost', 'lina.prevost@yahoo.fr', '0928374655'),
	(97, 'Noah', 'Collet', 'noah.collet@outlook.fr', '0139485770'),
	(98, 'Jade', 'Lecomte', 'jade.lecomte@gmail.com', '0248571934'),
	(99, 'Ethan', 'Lemoine', 'ethan.lemoine@yahoo.fr', '0359182745'),
	(100, 'Mila', 'Rodriguez', 'mila.rodriguez@outlook.fr', '0461827397'),
	(102, 'jeanfrancois', 'ledeunf', 'jfld791000@gmail.com', '0102030405');

-- Listage de la structure de table minifacturier. doctrine_migration_versions
CREATE TABLE IF NOT EXISTS `doctrine_migration_versions` (
  `version` varchar(191) NOT NULL,
  `executed_at` datetime DEFAULT NULL,
  `execution_time` int DEFAULT NULL,
  PRIMARY KEY (`version`)
) ENGINE=InnoDB DEFAULT CHARSET=utf8mb4 COLLATE=utf8mb4_0900_ai_ci;

-- Listage des données de la table minifacturier.doctrine_migration_versions : ~6 rows (environ)
INSERT INTO `doctrine_migration_versions` (`version`, `executed_at`, `execution_time`) VALUES
	('DoctrineMigrations\\Version20260314104009', '2026-03-19 16:21:25', 126),
	('DoctrineMigrations\\Version20260324132949', '2026-03-24 13:30:02', 21),
	('DoctrineMigrations\\Version20260411092944', '2026-04-11 09:30:26', 67),
	('DoctrineMigrations\\Version20260411093733', '2026-04-11 09:38:09', 24),
	('DoctrineMigrations\\Version20260413102411', '2026-04-13 10:26:11', 19),
	('DoctrineMigrations\\Version20260413140027', '2026-04-13 14:00:44', 101),
	('DoctrineMigrations\\Version20260414120328', '2026-04-14 12:03:41', 117);

-- Listage de la structure de table minifacturier. invoice
CREATE TABLE IF NOT EXISTS `invoice` (
  `id` int NOT NULL AUTO_INCREMENT,
  `number_invoice` varchar(50) COLLATE utf8mb4_unicode_ci NOT NULL,
  `sale_date` date NOT NULL,
  `seller_id` int NOT NULL,
  `customer_id` int NOT NULL,
  PRIMARY KEY (`id`),
  KEY `IDX_906517448DE820D9` (`seller_id`),
  KEY `IDX_906517449395C3F3` (`customer_id`),
  CONSTRAINT `FK_906517448DE820D9` FOREIGN KEY (`seller_id`) REFERENCES `seller` (`id`),
  CONSTRAINT `FK_906517449395C3F3` FOREIGN KEY (`customer_id`) REFERENCES `customer` (`id`)
) ENGINE=InnoDB DEFAULT CHARSET=utf8mb4 COLLATE=utf8mb4_unicode_ci;

-- Listage des données de la table minifacturier.invoice : ~101 rows (environ)
INSERT INTO `invoice` (`id`, `number_invoice`, `sale_date`, `seller_id`, `customer_id`) VALUES
	(1, 'FAC-001', '2025-01-01', 1, 1),
	(2, 'FAC-002', '2025-01-02', 2, 2),
	(3, 'FAC-003', '2025-01-03', 3, 3),
	(4, 'FAC-004', '2025-01-04', 4, 4),
	(5, 'FAC-005', '2025-01-05', 5, 5),
	(6, 'FAC-006', '2025-01-06', 6, 6),
	(7, 'FAC-007', '2025-01-07', 7, 7),
	(8, 'FAC-008', '2025-01-08', 8, 8),
	(9, 'FAC-009', '2025-01-09', 9, 9),
	(10, 'FAC-010', '2025-01-10', 10, 10),
	(11, 'FAC-011', '2025-01-11', 11, 11),
	(12, 'FAC-012', '2025-01-12', 12, 12),
	(13, 'FAC-013', '2025-01-13', 13, 13),
	(14, 'FAC-014', '2025-01-14', 14, 14),
	(15, 'FAC-015', '2025-01-15', 15, 15),
	(16, 'FAC-016', '2025-01-16', 16, 16),
	(17, 'FAC-017', '2025-01-17', 17, 17),
	(18, 'FAC-018', '2025-01-18', 18, 18),
	(19, 'FAC-019', '2025-01-19', 19, 19),
	(20, 'FAC-020', '2025-01-20', 20, 20),
	(21, 'FAC-021', '2025-01-21', 21, 21),
	(22, 'FAC-022', '2025-01-22', 22, 22),
	(23, 'FAC-023', '2025-01-23', 23, 23),
	(24, 'FAC-024', '2025-01-24', 24, 24),
	(25, 'FAC-025', '2025-01-25', 25, 25),
	(26, 'FAC-026', '2025-01-26', 26, 26),
	(27, 'FAC-027', '2025-01-27', 27, 27),
	(28, 'FAC-028', '2025-01-28', 28, 28),
	(29, 'FAC-029', '2025-01-29', 29, 29),
	(30, 'FAC-030', '2025-01-30', 30, 30),
	(31, 'FAC-031', '2025-02-01', 31, 31),
	(32, 'FAC-032', '2025-02-02', 32, 32),
	(33, 'FAC-033', '2025-02-03', 33, 33),
	(34, 'FAC-034', '2025-02-04', 34, 34),
	(35, 'FAC-035', '2025-02-05', 35, 35),
	(36, 'FAC-036', '2025-02-06', 36, 36),
	(37, 'FAC-037', '2025-02-07', 37, 37),
	(38, 'FAC-038', '2025-02-08', 38, 38),
	(39, 'FAC-039', '2025-02-09', 39, 39),
	(40, 'FAC-040', '2025-02-10', 40, 40),
	(41, 'FAC-041', '2025-02-11', 41, 41),
	(42, 'FAC-042', '2025-02-12', 42, 42),
	(43, 'FAC-043', '2025-02-13', 43, 43),
	(44, 'FAC-044', '2025-02-14', 44, 44),
	(45, 'FAC-045', '2025-02-15', 45, 45),
	(46, 'FAC-046', '2025-02-16', 46, 46),
	(47, 'FAC-047', '2025-02-17', 47, 47),
	(48, 'FAC-048', '2025-02-18', 48, 48),
	(49, 'FAC-049', '2025-02-19', 49, 49),
	(50, 'FAC-050', '2025-02-20', 50, 50),
	(51, 'FAC-051', '2025-02-21', 51, 51),
	(52, 'FAC-052', '2025-02-22', 52, 52),
	(53, 'FAC-053', '2025-02-23', 53, 53),
	(54, 'FAC-054', '2025-02-24', 54, 54),
	(55, 'FAC-055', '2025-02-25', 55, 55),
	(56, 'FAC-056', '2025-02-26', 56, 56),
	(57, 'FAC-057', '2025-02-27', 57, 57),
	(58, 'FAC-058', '2025-02-28', 58, 58),
	(59, 'FAC-059', '2025-03-01', 59, 59),
	(60, 'FAC-060', '2025-03-02', 60, 60),
	(61, 'FAC-061', '2025-03-03', 61, 61),
	(62, 'FAC-062', '2025-03-04', 62, 62),
	(63, 'FAC-063', '2025-03-05', 63, 63),
	(65, 'FAC-065', '2025-03-07', 65, 65),
	(67, 'FAC-067', '2025-03-09', 67, 67),
	(68, 'FAC-068', '2025-03-10', 68, 68),
	(69, 'FAC-069', '2025-03-11', 69, 69),
	(70, 'FAC-070', '2025-03-12', 70, 70),
	(71, 'FAC-071', '2025-03-13', 71, 71),
	(72, 'FAC-072', '2025-03-14', 72, 72),
	(73, 'FAC-073', '2025-03-15', 73, 73),
	(74, 'FAC-074', '2025-03-16', 74, 74),
	(75, 'FAC-075', '2025-03-17', 75, 75),
	(76, 'FAC-076', '2025-03-18', 76, 76),
	(77, 'FAC-077', '2025-03-19', 77, 77),
	(78, 'FAC-078', '2025-03-20', 78, 78),
	(79, 'FAC-079', '2025-03-21', 79, 79),
	(80, 'FAC-080', '2025-03-22', 80, 80),
	(81, 'FAC-081', '2025-03-23', 81, 81),
	(82, 'FAC-082', '2025-03-24', 82, 82),
	(83, 'FAC-083', '2025-03-25', 83, 83),
	(84, 'FAC-084', '2025-03-26', 84, 84),
	(85, 'FAC-085', '2025-03-27', 85, 85),
	(86, 'FAC-086', '2025-03-28', 86, 86),
	(87, 'FAC-087', '2025-03-29', 87, 87),
	(88, 'FAC-088', '2025-03-30', 88, 88),
	(89, 'FAC-089', '2025-03-31', 89, 89),
	(90, 'FAC-090', '2025-04-01', 90, 90),
	(93, 'FAC-093', '2025-04-04', 93, 93),
	(94, 'FAC-094', '2025-04-05', 94, 94),
	(95, 'FAC-095', '2025-04-06', 95, 95),
	(96, 'FAC-096', '2025-04-07', 96, 96),
	(97, 'FAC-097', '2025-04-08', 97, 97),
	(98, 'FAC-098', '2025-04-09', 98, 98),
	(99, 'FAC-099', '2025-04-10', 99, 99),
	(101, 'FAC 100', '2026-04-09', 1, 2),
	(104, 'fac104', '2026-04-21', 14, 1),
	(106, 'FAC-test', '2026-04-27', 1, 102);

-- Listage de la structure de table minifacturier. invoice_item
CREATE TABLE IF NOT EXISTS `invoice_item` (
  `id` int NOT NULL AUTO_INCREMENT,
  `product_name` varchar(100) COLLATE utf8mb4_unicode_ci NOT NULL,
  `brand` varchar(100) COLLATE utf8mb4_unicode_ci NOT NULL,
  `price` decimal(10,2) NOT NULL,
  `quantity` int NOT NULL,
  `total` decimal(10,2) NOT NULL,
  `invoice_id` int NOT NULL,
  `product_id` int DEFAULT NULL,
  `vat_rate` decimal(5,2) NOT NULL,
  PRIMARY KEY (`id`),
  KEY `IDX_1DDE477B2989F1FD` (`invoice_id`),
  KEY `IDX_1DDE477B4584665A` (`product_id`),
  CONSTRAINT `FK_1DDE477B2989F1FD` FOREIGN KEY (`invoice_id`) REFERENCES `invoice` (`id`),
  CONSTRAINT `FK_1DDE477B4584665A` FOREIGN KEY (`product_id`) REFERENCES `product` (`id`)
) ENGINE=InnoDB DEFAULT CHARSET=utf8mb4 COLLATE=utf8mb4_unicode_ci;

-- Listage des données de la table minifacturier.invoice_item : ~104 rows (environ)
INSERT INTO `invoice_item` (`id`, `product_name`, `brand`, `price`, `quantity`, `total`, `invoice_id`, `product_id`, `vat_rate`) VALUES
	(1, 'Ordinateur portable', 'Acer', 899.99, 1, 899.99, 1, 1, 0.00),
	(2, 'Clavier mécanique', 'Logitech', 120.00, 2, 240.00, 2, 2, 0.00),
	(3, 'Souris sans fil', 'Logitech', 45.50, 3, 136.50, 3, 3, 0.00),
	(4, 'Ecran 27 pouces', 'Samsung', 300.00, 1, 300.00, 4, 4, 0.00),
	(5, 'Imprimante laser', 'HP', 220.00, 1, 220.00, 5, 5, 0.00),
	(6, 'Casque audio', 'JBL', 80.00, 2, 160.00, 6, 6, 0.00),
	(7, 'Webcam HD', 'Logitech', 60.00, 1, 60.00, 7, 7, 0.00),
	(8, 'Disque SSD 1 To', 'Samsung', 150.00, 2, 300.00, 8, 8, 0.00),
	(9, 'Clé USB 64Go', 'SanDisk', 25.00, 4, 100.00, 9, 9, 0.00),
	(10, 'Tablette tactile', 'Lenovo', 350.00, 1, 350.00, 10, 10, 0.00),
	(11, 'Ordinateur portable', 'Samsung', 799.99, 1, 799.99, 11, 11, 0.00),
	(12, 'Clavier mécanique', 'Logitech', 130.00, 1, 130.00, 12, 12, 0.00),
	(13, 'Souris sans fil', 'Logitech', 40.00, 2, 80.00, 13, 13, 0.00),
	(14, 'Ecran 24 pouces', 'LG', 250.00, 1, 250.00, 14, 14, 0.00),
	(15, 'Imprimante jet encre', 'Canon', 180.00, 1, 180.00, 15, 15, 0.00),
	(16, 'Casque audio', 'Sony', 75.00, 2, 150.00, 16, 16, 0.00),
	(17, 'Webcam HD', 'Logitech', 55.00, 1, 55.00, 17, 17, 0.00),
	(18, 'Disque SSD 500Go', 'Kingston', 120.00, 2, 240.00, 18, 18, 0.00),
	(19, 'Clé USB 32Go', 'Kingston', 20.00, 3, 60.00, 19, 19, 0.00),
	(20, 'Tablette tactile', 'Lenovo', 300.00, 1, 300.00, 20, 102, 0.00),
	(21, 'Ordinateur portable', 'Canon', 850.00, 1, 850.00, 21, 20, 0.00),
	(22, 'Clavier mécanique', 'Logitech', 110.00, 2, 220.00, 22, 21, 0.00),
	(23, 'Souris sans fil', 'Logitech', 35.00, 3, 105.00, 23, 22, 0.00),
	(24, 'Ecran 27 pouces', 'Samsung', 320.00, 1, 320.00, 24, 23, 0.00),
	(25, 'Imprimante laser', 'HP', 210.00, 1, 210.00, 25, 24, 0.00),
	(26, 'Casque audio', 'Logitech', 90.00, 2, 180.00, 26, 25, 0.00),
	(27, 'Webcam HD', 'Logitech', 65.00, 1, 65.00, 27, 26, 0.00),
	(28, 'Disque SSD 1 To', 'Samsung', 160.00, 2, 320.00, 28, 27, 0.00),
	(29, 'Clé USB 64Go', 'SanDisk', 30.00, 4, 120.00, 29, 28, 0.00),
	(30, 'Tablette tactile', 'Lenovo', 370.00, 1, 370.00, 30, 29, 0.00),
	(31, 'Ordinateur portable', 'Xiaomi', 920.00, 1, 920.00, 31, 30, 0.00),
	(32, 'Clavier mécanique', 'Logitech', 125.00, 2, 250.00, 32, 31, 0.00),
	(33, 'Souris sans fil', 'Logitech', 50.00, 2, 100.00, 33, 32, 0.00),
	(34, 'Ecran 27 pouces', 'Samsung', 310.00, 1, 310.00, 34, 33, 0.00),
	(35, 'Imprimante laser', 'HP', 230.00, 1, 230.00, 35, 34, 0.00),
	(36, 'Casque audio', 'Lenovo', 85.00, 2, 170.00, 36, 35, 0.00),
	(37, 'Webcam HD', 'Logitech', 70.00, 1, 70.00, 37, 36, 0.00),
	(38, 'Disque SSD 1 To', 'Samsung', 155.00, 2, 310.00, 38, 37, 0.00),
	(39, 'Clé USB 64Go', 'SanDisk', 28.00, 3, 84.00, 39, 38, 0.00),
	(40, 'Tablette tactile', 'Lenovo', 360.00, 1, 360.00, 40, 39, 0.00),
	(41, 'Ordinateur portable', 'LG', 880.00, 1, 880.00, 41, 40, 0.00),
	(42, 'Clavier mécanique', 'Logitech', 115.00, 2, 230.00, 42, 41, 0.00),
	(43, 'Souris sans fil', 'Logitech', 42.00, 3, 126.00, 43, 42, 0.00),
	(44, 'Ecran 27 pouces', 'Samsung', 305.00, 1, 305.00, 44, 43, 0.00),
	(45, 'Imprimante laser', 'HP', 215.00, 1, 215.00, 45, 44, 0.00),
	(46, 'Casque audio', 'Bose', 78.00, 2, 156.00, 46, 45, 0.00),
	(47, 'Webcam HD', 'Logitech', 62.00, 1, 62.00, 47, 46, 0.00),
	(48, 'Disque SSD 1 To', 'Samsung', 145.00, 2, 290.00, 48, 47, 0.00),
	(49, 'Clé USB 64Go', 'SanDisk', 26.00, 4, 104.00, 49, 48, 0.00),
	(50, 'Tablette tactile', 'Lenovo', 340.00, 1, 340.00, 50, 49, 0.00),
	(51, 'Ordinateur portable', 'Huawei', 910.00, 1, 910.00, 51, 50, 0.00),
	(52, 'Clavier mécanique', 'Logitech', 118.00, 2, 236.00, 52, 51, 0.00),
	(53, 'Souris sans fil', 'Logitech', 44.00, 3, 132.00, 53, 52, 0.00),
	(54, 'Ecran 27 pouces', 'Samsung', 315.00, 1, 315.00, 54, 53, 0.00),
	(55, 'Imprimante laser', 'HP', 225.00, 1, 225.00, 55, 54, 0.00),
	(56, 'Casque audio', 'Dell', 82.00, 2, 164.00, 56, 55, 0.00),
	(57, 'Webcam HD', 'Logitech', 68.00, 1, 68.00, 57, 56, 0.00),
	(58, 'Disque SSD 1 To', 'Samsung', 152.00, 2, 304.00, 58, 57, 0.00),
	(59, 'Clé USB 64Go', 'SanDisk', 27.00, 4, 108.00, 59, 58, 0.00),
	(60, 'Tablette tactile', 'Lenovo', 355.00, 1, 355.00, 60, 59, 0.00),
	(61, 'Ordinateur portable', 'Kingston', 870.00, 1, 870.00, 61, 60, 0.00),
	(62, 'Clavier mécanique', 'Logitech', 112.00, 2, 224.00, 62, 61, 0.00),
	(63, 'Souris sans fil', 'Logitech', 39.00, 3, 117.00, 63, 62, 0.00),
	(65, 'Imprimante laser', 'HP', 205.00, 1, 205.00, 65, 64, 0.00),
	(67, 'Webcam HD', 'Logitech', 58.00, 1, 58.00, 67, 66, 0.00),
	(68, 'Disque SSD 1 To', 'Samsung', 140.00, 2, 280.00, 68, 67, 0.00),
	(69, 'Clé USB 64Go', 'SanDisk', 24.00, 4, 96.00, 69, 68, 0.00),
	(70, 'Tablette tactile', 'Lenovo', 330.00, 1, 330.00, 70, 69, 0.00),
	(71, 'Ordinateur portable', 'Apple', 930.00, 1, 930.00, 71, 70, 0.00),
	(72, 'Clavier mécanique', 'Logitech', 122.00, 2, 244.00, 72, 71, 0.00),
	(73, 'Souris sans fil', 'Logitech', 48.00, 3, 144.00, 73, 72, 0.00),
	(74, 'Ecran 27 pouces', 'Samsung', 325.00, 1, 325.00, 74, 73, 0.00),
	(75, 'Imprimante laser', 'HP', 235.00, 1, 235.00, 75, 74, 0.00),
	(76, 'Casque audio', 'Asus', 88.00, 2, 176.00, 76, 75, 0.00),
	(77, 'Webcam HD', 'Logitech', 72.00, 1, 72.00, 77, 76, 0.00),
	(78, 'Disque SSD 1 To', 'Samsung', 165.00, 2, 330.00, 78, 77, 0.00),
	(79, 'Clé USB 64Go', 'SanDisk', 29.00, 4, 116.00, 79, 78, 0.00),
	(80, 'Tablette tactile', 'Lenovo', 375.00, 1, 375.00, 80, 79, 0.00),
	(81, 'Ordinateur portable', 'SanDisk', 890.00, 1, 890.00, 81, 80, 0.00),
	(82, 'Clavier mécanique', 'Logitech', 119.00, 2, 238.00, 82, 81, 0.00),
	(83, 'Souris sans fil', 'Logitech', 41.00, 3, 123.00, 83, 82, 0.00),
	(84, 'Ecran 27 pouces', 'Samsung', 305.00, 1, 305.00, 84, 43, 0.00),
	(85, 'Imprimante laser', 'HP', 220.00, 1, 220.00, 85, 5, 0.00),
	(86, 'Casque audio', 'Beats', 79.00, 2, 158.00, 86, 85, 0.00),
	(87, 'Webcam HD', 'Logitech', 63.00, 1, 63.00, 87, 86, 0.00),
	(88, 'Disque SSD 1 To', 'Samsung', 150.00, 2, 300.00, 88, 8, 0.00),
	(89, 'Clé USB 64Go', 'SanDisk', 26.00, 4, 104.00, 89, 48, 0.00),
	(90, 'Tablette tactile', 'Lenovo', 345.00, 1, 345.00, 90, 89, 0.00),
	(93, 'Souris sans fil', 'Logitech', 43.00, 3, 129.00, 93, 92, 0.00),
	(94, 'Ecran 27 pouces', 'Samsung', 315.00, 1, 315.00, 94, 53, 0.00),
	(95, 'Imprimante laser', 'HP', 230.00, 1, 230.00, 95, 34, 0.00),
	(96, 'Casque audio', 'HP', 83.00, 2, 166.00, 96, 95, 0.00),
	(97, 'Webcam HD', 'Logitech', 67.00, 1, 67.00, 97, 96, 0.00),
	(98, 'Disque SSD 1 To', 'Samsung', 158.00, 2, 316.00, 98, 97, 0.00),
	(99, 'Clé USB 64Go', 'SanDisk', 28.00, 4, 112.00, 99, 38, 0.00),
	(103, 'Disque SSD 500Go', 'Kingston', 120.00, 1, 120.00, 101, 18, 20.00),
	(104, 'Ordinateur portable', 'Samsung', 799.99, 1, 799.99, 95, 11, 0.00),
	(105, 'Trackball adapté', 'Kensington', 110.00, 1, 110.00, 101, 113, 5.50),
	(110, 'Tablette tactile', 'Lenovo', 350.00, 2, 700.00, 101, 10, 20.00),
	(112, 'Tablette tactile', 'Lenovo', 375.00, 10, 3750.00, 104, 79, 20.00),
	(113, 'Souris sans fil', 'Logitech', 35.00, 10, 350.00, 104, 22, 20.00),
	(114, 'Imprimante laser', 'HP', 205.00, 1, 205.00, 104, 64, 20.00),
	(115, 'Cartouche couleur', 'Canon', 34.90, 1, 34.90, 106, 118, 20.00),
	(116, 'Imprimante laser', 'HP', 205.00, 1, 205.00, 106, 64, 20.00),
	(117, 'Ordinateur Desktop', 'Dell', 520.55, 1, 520.55, 101, 120, 20.00);

-- Listage de la structure de table minifacturier. messenger_messages
CREATE TABLE IF NOT EXISTS `messenger_messages` (
  `id` bigint NOT NULL AUTO_INCREMENT,
  `body` longtext COLLATE utf8mb4_unicode_ci NOT NULL,
  `headers` longtext COLLATE utf8mb4_unicode_ci NOT NULL,
  `queue_name` varchar(190) COLLATE utf8mb4_unicode_ci NOT NULL,
  `created_at` datetime NOT NULL,
  `available_at` datetime NOT NULL,
  `delivered_at` datetime DEFAULT NULL,
  PRIMARY KEY (`id`),
  KEY `IDX_75EA56E0FB7336F0E3BD61CE16BA31DBBF396750` (`queue_name`,`available_at`,`delivered_at`,`id`)
) ENGINE=InnoDB DEFAULT CHARSET=utf8mb4 COLLATE=utf8mb4_unicode_ci;

-- Listage des données de la table minifacturier.messenger_messages : ~3 rows (environ)
INSERT INTO `messenger_messages` (`id`, `body`, `headers`, `queue_name`, `created_at`, `available_at`, `delivered_at`) VALUES
	(14, 'O:36:\\"Symfony\\\\Component\\\\Messenger\\\\Envelope\\":2:{s:44:\\"\\0Symfony\\\\Component\\\\Messenger\\\\Envelope\\0stamps\\";a:6:{s:46:\\"Symfony\\\\Component\\\\Messenger\\\\Stamp\\\\BusNameStamp\\";a:1:{i:0;O:46:\\"Symfony\\\\Component\\\\Messenger\\\\Stamp\\\\BusNameStamp\\":1:{s:55:\\"\\0Symfony\\\\Component\\\\Messenger\\\\Stamp\\\\BusNameStamp\\0busName\\";s:21:\\"messenger.bus.default\\";}}s:51:\\"Symfony\\\\Component\\\\Messenger\\\\Stamp\\\\ErrorDetailsStamp\\";a:1:{i:0;O:51:\\"Symfony\\\\Component\\\\Messenger\\\\Stamp\\\\ErrorDetailsStamp\\":4:{s:67:\\"\\0Symfony\\\\Component\\\\Messenger\\\\Stamp\\\\ErrorDetailsStamp\\0exceptionClass\\";s:57:\\"Symfony\\\\Component\\\\Mime\\\\Exception\\\\InvalidArgumentException\\";s:66:\\"\\0Symfony\\\\Component\\\\Messenger\\\\Stamp\\\\ErrorDetailsStamp\\0exceptionCode\\";i:0;s:69:\\"\\0Symfony\\\\Component\\\\Messenger\\\\Stamp\\\\ErrorDetailsStamp\\0exceptionMessage\\";s:100:\\"Unable to open path \\"C:\\\\laragon\\\\www\\\\minifacturier/var/pdf/497b2eb1-e498-4cb9-b073-a2292d8ef930.pdf\\".\\";s:69:\\"\\0Symfony\\\\Component\\\\Messenger\\\\Stamp\\\\ErrorDetailsStamp\\0flattenException\\";O:57:\\"Symfony\\\\Component\\\\ErrorHandler\\\\Exception\\\\FlattenException\\":12:{s:66:\\"\\0Symfony\\\\Component\\\\ErrorHandler\\\\Exception\\\\FlattenException\\0message\\";s:100:\\"Unable to open path \\"C:\\\\laragon\\\\www\\\\minifacturier/var/pdf/497b2eb1-e498-4cb9-b073-a2292d8ef930.pdf\\".\\";s:63:\\"\\0Symfony\\\\Component\\\\ErrorHandler\\\\Exception\\\\FlattenException\\0code\\";i:0;s:67:\\"\\0Symfony\\\\Component\\\\ErrorHandler\\\\Exception\\\\FlattenException\\0previous\\";N;s:64:\\"\\0Symfony\\\\Component\\\\ErrorHandler\\\\Exception\\\\FlattenException\\0trace\\";a:1:{i:0;a:8:{s:9:\\"namespace\\";s:0:\\"\\";s:11:\\"short_class\\";s:0:\\"\\";s:5:\\"class\\";s:0:\\"\\";s:4:\\"type\\";s:0:\\"\\";s:8:\\"function\\";s:0:\\"\\";s:4:\\"file\\";s:66:\\"C:\\\\laragon\\\\www\\\\minifacturier\\\\vendor\\\\symfony\\\\mime\\\\Part\\\\TextPart.php\\";s:4:\\"line\\";i:156;s:4:\\"args\\";a:0:{}}}s:72:\\"\\0Symfony\\\\Component\\\\ErrorHandler\\\\Exception\\\\FlattenException\\0traceAsString\\";s:7614:\\"#0 C:\\\\laragon\\\\www\\\\minifacturier\\\\vendor\\\\symfony\\\\mime\\\\Part\\\\AbstractPart.php(50): Symfony\\\\Component\\\\Mime\\\\Part\\\\TextPart->bodyToIterable()\n#1 C:\\\\laragon\\\\www\\\\minifacturier\\\\vendor\\\\symfony\\\\mime\\\\Part\\\\AbstractMultipartPart.php(71): Symfony\\\\Component\\\\Mime\\\\Part\\\\AbstractPart->toIterable()\n#2 C:\\\\laragon\\\\www\\\\minifacturier\\\\vendor\\\\symfony\\\\mime\\\\Part\\\\AbstractPart.php(50): Symfony\\\\Component\\\\Mime\\\\Part\\\\AbstractMultipartPart->bodyToIterable()\n#3 C:\\\\laragon\\\\www\\\\minifacturier\\\\vendor\\\\symfony\\\\mime\\\\Message.php(122): Symfony\\\\Component\\\\Mime\\\\Part\\\\AbstractPart->toIterable()\n#4 C:\\\\laragon\\\\www\\\\minifacturier\\\\vendor\\\\symfony\\\\mime\\\\RawMessage.php(79): Symfony\\\\Component\\\\Mime\\\\Message->toIterable()\n#5 C:\\\\laragon\\\\www\\\\minifacturier\\\\vendor\\\\symfony\\\\mailer\\\\Transport\\\\Smtp\\\\Stream\\\\AbstractStream.php(119): Symfony\\\\Component\\\\Mime\\\\RawMessage->toIterable()\n#6 C:\\\\laragon\\\\www\\\\minifacturier\\\\vendor\\\\symfony\\\\mailer\\\\Transport\\\\Smtp\\\\SmtpTransport.php(211): Symfony\\\\Component\\\\Mailer\\\\Transport\\\\Smtp\\\\Stream\\\\AbstractStream::replace(\\\'\\\\r\\\\n.\\\', \\\'\\\\r\\\\n..\\\', Object(Generator))\n#7 C:\\\\laragon\\\\www\\\\minifacturier\\\\vendor\\\\symfony\\\\mailer\\\\Transport\\\\AbstractTransport.php(90): Symfony\\\\Component\\\\Mailer\\\\Transport\\\\Smtp\\\\SmtpTransport->doSend(Object(Symfony\\\\Component\\\\Mailer\\\\SentMessage))\n#8 C:\\\\laragon\\\\www\\\\minifacturier\\\\vendor\\\\symfony\\\\mailer\\\\Transport\\\\Smtp\\\\SmtpTransport.php(138): Symfony\\\\Component\\\\Mailer\\\\Transport\\\\AbstractTransport->send(Object(Symfony\\\\Component\\\\Mime\\\\Email), Object(Symfony\\\\Component\\\\Mailer\\\\DelayedEnvelope))\n#9 C:\\\\laragon\\\\www\\\\minifacturier\\\\vendor\\\\symfony\\\\mailer\\\\Transport\\\\Transports.php(51): Symfony\\\\Component\\\\Mailer\\\\Transport\\\\Smtp\\\\SmtpTransport->send(Object(Symfony\\\\Component\\\\Mime\\\\Email), NULL)\n#10 C:\\\\laragon\\\\www\\\\minifacturier\\\\vendor\\\\symfony\\\\mailer\\\\Messenger\\\\MessageHandler.php(29): Symfony\\\\Component\\\\Mailer\\\\Transport\\\\Transports->send(Object(Symfony\\\\Component\\\\Mime\\\\Email), NULL)\n#11 C:\\\\laragon\\\\www\\\\minifacturier\\\\vendor\\\\symfony\\\\messenger\\\\Middleware\\\\HandleMessageMiddleware.php(148): Symfony\\\\Component\\\\Mailer\\\\Messenger\\\\MessageHandler->__invoke(Object(Symfony\\\\Component\\\\Mailer\\\\Messenger\\\\SendEmailMessage))\n#12 C:\\\\laragon\\\\www\\\\minifacturier\\\\vendor\\\\symfony\\\\messenger\\\\Middleware\\\\HandleMessageMiddleware.php(90): Symfony\\\\Component\\\\Messenger\\\\Middleware\\\\HandleMessageMiddleware->callHandler(Object(Closure), Object(Symfony\\\\Component\\\\Mailer\\\\Messenger\\\\SendEmailMessage), NULL, NULL)\n#13 C:\\\\laragon\\\\www\\\\minifacturier\\\\vendor\\\\symfony\\\\messenger\\\\Middleware\\\\SendMessageMiddleware.php(75): Symfony\\\\Component\\\\Messenger\\\\Middleware\\\\HandleMessageMiddleware->handle(Object(Symfony\\\\Component\\\\Messenger\\\\Envelope), Object(Symfony\\\\Component\\\\Messenger\\\\Middleware\\\\TraceableStack))\n#14 C:\\\\laragon\\\\www\\\\minifacturier\\\\vendor\\\\symfony\\\\messenger\\\\Middleware\\\\FailedMessageProcessingMiddleware.php(34): Symfony\\\\Component\\\\Messenger\\\\Middleware\\\\SendMessageMiddleware->handle(Object(Symfony\\\\Component\\\\Messenger\\\\Envelope), Object(Symfony\\\\Component\\\\Messenger\\\\Middleware\\\\TraceableStack))\n#15 C:\\\\laragon\\\\www\\\\minifacturier\\\\vendor\\\\symfony\\\\messenger\\\\Middleware\\\\DispatchAfterCurrentBusMiddleware.php(68): Symfony\\\\Component\\\\Messenger\\\\Middleware\\\\FailedMessageProcessingMiddleware->handle(Object(Symfony\\\\Component\\\\Messenger\\\\Envelope), Object(Symfony\\\\Component\\\\Messenger\\\\Middleware\\\\TraceableStack))\n#16 C:\\\\laragon\\\\www\\\\minifacturier\\\\vendor\\\\symfony\\\\messenger\\\\Middleware\\\\RejectRedeliveredMessageMiddleware.php(41): Symfony\\\\Component\\\\Messenger\\\\Middleware\\\\DispatchAfterCurrentBusMiddleware->handle(Object(Symfony\\\\Component\\\\Messenger\\\\Envelope), Object(Symfony\\\\Component\\\\Messenger\\\\Middleware\\\\TraceableStack))\n#17 C:\\\\laragon\\\\www\\\\minifacturier\\\\vendor\\\\symfony\\\\messenger\\\\Middleware\\\\AddBusNameStampMiddleware.php(35): Symfony\\\\Component\\\\Messenger\\\\Middleware\\\\RejectRedeliveredMessageMiddleware->handle(Object(Symfony\\\\Component\\\\Messenger\\\\Envelope), Object(Symfony\\\\Component\\\\Messenger\\\\Middleware\\\\TraceableStack))\n#18 C:\\\\laragon\\\\www\\\\minifacturier\\\\vendor\\\\symfony\\\\messenger\\\\Middleware\\\\AddDefaultStampsMiddleware.php(33): Symfony\\\\Component\\\\Messenger\\\\Middleware\\\\AddBusNameStampMiddleware->handle(Object(Symfony\\\\Component\\\\Messenger\\\\Envelope), Object(Symfony\\\\Component\\\\Messenger\\\\Middleware\\\\TraceableStack))\n#19 C:\\\\laragon\\\\www\\\\minifacturier\\\\vendor\\\\symfony\\\\messenger\\\\Middleware\\\\TraceableMiddleware.php(36): Symfony\\\\Component\\\\Messenger\\\\Middleware\\\\AddDefaultStampsMiddleware->handle(Object(Symfony\\\\Component\\\\Messenger\\\\Envelope), Object(Symfony\\\\Component\\\\Messenger\\\\Middleware\\\\TraceableStack))\n#20 C:\\\\laragon\\\\www\\\\minifacturier\\\\vendor\\\\symfony\\\\messenger\\\\MessageBus.php(69): Symfony\\\\Component\\\\Messenger\\\\Middleware\\\\TraceableMiddleware->handle(Object(Symfony\\\\Component\\\\Messenger\\\\Envelope), Object(Symfony\\\\Component\\\\Messenger\\\\Middleware\\\\TraceableStack))\n#21 C:\\\\laragon\\\\www\\\\minifacturier\\\\vendor\\\\symfony\\\\messenger\\\\TraceableMessageBus.php(30): Symfony\\\\Component\\\\Messenger\\\\MessageBus->dispatch(Object(Symfony\\\\Component\\\\Messenger\\\\Envelope), Array)\n#22 C:\\\\laragon\\\\www\\\\minifacturier\\\\vendor\\\\symfony\\\\messenger\\\\RoutableMessageBus.php(51): Symfony\\\\Component\\\\Messenger\\\\TraceableMessageBus->dispatch(Object(Symfony\\\\Component\\\\Messenger\\\\Envelope), Array)\n#23 C:\\\\laragon\\\\www\\\\minifacturier\\\\vendor\\\\symfony\\\\messenger\\\\Worker.php(169): Symfony\\\\Component\\\\Messenger\\\\RoutableMessageBus->dispatch(Object(Symfony\\\\Component\\\\Messenger\\\\Envelope))\n#24 C:\\\\laragon\\\\www\\\\minifacturier\\\\vendor\\\\symfony\\\\messenger\\\\Worker.php(118): Symfony\\\\Component\\\\Messenger\\\\Worker->handleMessage(Object(Symfony\\\\Component\\\\Messenger\\\\Envelope), \\\'async\\\')\n#25 C:\\\\laragon\\\\www\\\\minifacturier\\\\vendor\\\\symfony\\\\messenger\\\\Command\\\\ConsumeMessagesCommand.php(282): Symfony\\\\Component\\\\Messenger\\\\Worker->run(Array)\n#26 C:\\\\laragon\\\\www\\\\minifacturier\\\\vendor\\\\symfony\\\\console\\\\Command\\\\Command.php(341): Symfony\\\\Component\\\\Messenger\\\\Command\\\\ConsumeMessagesCommand->execute(Object(Symfony\\\\Component\\\\Console\\\\Input\\\\ArgvInput), Object(Symfony\\\\Component\\\\Console\\\\Output\\\\ConsoleOutput))\n#27 C:\\\\laragon\\\\www\\\\minifacturier\\\\vendor\\\\symfony\\\\console\\\\Application.php(1117): Symfony\\\\Component\\\\Console\\\\Command\\\\Command->run(Object(Symfony\\\\Component\\\\Console\\\\Input\\\\ArgvInput), Object(Symfony\\\\Component\\\\Console\\\\Output\\\\ConsoleOutput))\n#28 C:\\\\laragon\\\\www\\\\minifacturier\\\\vendor\\\\symfony\\\\framework-bundle\\\\Console\\\\Application.php(123): Symfony\\\\Component\\\\Console\\\\Application->doRunCommand(Object(Symfony\\\\Component\\\\Messenger\\\\Command\\\\ConsumeMessagesCommand), Object(Symfony\\\\Component\\\\Console\\\\Input\\\\ArgvInput), Object(Symfony\\\\Component\\\\Console\\\\Output\\\\ConsoleOutput))\n#29 C:\\\\laragon\\\\www\\\\minifacturier\\\\vendor\\\\symfony\\\\console\\\\Application.php(356): Symfony\\\\Bundle\\\\FrameworkBundle\\\\Console\\\\Application->doRunCommand(Object(Symfony\\\\Component\\\\Messenger\\\\Command\\\\ConsumeMessagesCommand), Object(Symfony\\\\Component\\\\Console\\\\Input\\\\ArgvInput), Object(Symfony\\\\Component\\\\Console\\\\Output\\\\ConsoleOutput))\n#30 C:\\\\laragon\\\\www\\\\minifacturier\\\\vendor\\\\symfony\\\\framework-bundle\\\\Console\\\\Application.php(77): Symfony\\\\Component\\\\Console\\\\Application->doRun(Object(Symfony\\\\Component\\\\Console\\\\Input\\\\ArgvInput), Object(Symfony\\\\Component\\\\Console\\\\Output\\\\ConsoleOutput))\n#31 C:\\\\laragon\\\\www\\\\minifacturier\\\\vendor\\\\symfony\\\\console\\\\Application.php(195): Symfony\\\\Bundle\\\\FrameworkBundle\\\\Console\\\\Application->doRun(Object(Symfony\\\\Component\\\\Console\\\\Input\\\\ArgvInput), Object(Symfony\\\\Component\\\\Console\\\\Output\\\\ConsoleOutput))\n#32 C:\\\\laragon\\\\www\\\\minifacturier\\\\vendor\\\\symfony\\\\runtime\\\\Runner\\\\Symfony\\\\ConsoleApplicationRunner.php(49): Symfony\\\\Component\\\\Console\\\\Application->run(Object(Symfony\\\\Component\\\\Console\\\\Input\\\\ArgvInput), Object(Symfony\\\\Component\\\\Console\\\\Output\\\\ConsoleOutput))\n#33 C:\\\\laragon\\\\www\\\\minifacturier\\\\vendor\\\\autoload_runtime.php(32): Symfony\\\\Component\\\\Runtime\\\\Runner\\\\Symfony\\\\ConsoleApplicationRunner->run()\n#34 C:\\\\laragon\\\\www\\\\minifacturier\\\\bin\\\\console(14): require_once(\\\'C:\\\\\\\\laragon\\\\\\\\www\\\\\\\\...\\\')\n#35 {main}\\";s:64:\\"\\0Symfony\\\\Component\\\\ErrorHandler\\\\Exception\\\\FlattenException\\0class\\";s:57:\\"Symfony\\\\Component\\\\Mime\\\\Exception\\\\InvalidArgumentException\\";s:69:\\"\\0Symfony\\\\Component\\\\ErrorHandler\\\\Exception\\\\FlattenException\\0statusCode\\";i:500;s:69:\\"\\0Symfony\\\\Component\\\\ErrorHandler\\\\Exception\\\\FlattenException\\0statusText\\";s:21:\\"Internal Server Error\\";s:66:\\"\\0Symfony\\\\Component\\\\ErrorHandler\\\\Exception\\\\FlattenException\\0headers\\";a:0:{}s:63:\\"\\0Symfony\\\\Component\\\\ErrorHandler\\\\Exception\\\\FlattenException\\0file\\";s:66:\\"C:\\\\laragon\\\\www\\\\minifacturier\\\\vendor\\\\symfony\\\\mime\\\\Part\\\\TextPart.php\\";s:63:\\"\\0Symfony\\\\Component\\\\ErrorHandler\\\\Exception\\\\FlattenException\\0line\\";i:156;s:67:\\"\\0Symfony\\\\Component\\\\ErrorHandler\\\\Exception\\\\FlattenException\\0asString\\";N;}}}s:44:\\"Symfony\\\\Component\\\\Messenger\\\\Stamp\\\\DelayStamp\\";a:4:{i:0;O:44:\\"Symfony\\\\Component\\\\Messenger\\\\Stamp\\\\DelayStamp\\":1:{s:51:\\"\\0Symfony\\\\Component\\\\Messenger\\\\Stamp\\\\DelayStamp\\0delay\\";i:927;}i:1;O:44:\\"Symfony\\\\Component\\\\Messenger\\\\Stamp\\\\DelayStamp\\":1:{s:51:\\"\\0Symfony\\\\Component\\\\Messenger\\\\Stamp\\\\DelayStamp\\0delay\\";i:2097;}i:2;O:44:\\"Symfony\\\\Component\\\\Messenger\\\\Stamp\\\\DelayStamp\\":1:{s:51:\\"\\0Symfony\\\\Component\\\\Messenger\\\\Stamp\\\\DelayStamp\\0delay\\";i:3736;}i:3;O:44:\\"Symfony\\\\Component\\\\Messenger\\\\Stamp\\\\DelayStamp\\":1:{s:51:\\"\\0Symfony\\\\Component\\\\Messenger\\\\Stamp\\\\DelayStamp\\0delay\\";i:0;}}s:49:\\"Symfony\\\\Component\\\\Messenger\\\\Stamp\\\\RedeliveryStamp\\";a:4:{i:0;O:49:\\"Symfony\\\\Component\\\\Messenger\\\\Stamp\\\\RedeliveryStamp\\":2:{s:64:\\"\\0Symfony\\\\Component\\\\Messenger\\\\Stamp\\\\RedeliveryStamp\\0redeliveredAt\\";O:17:\\"DateTimeImmutable\\":3:{s:4:\\"date\\";s:26:\\"2026-04-27 11:08:55.133995\\";s:13:\\"timezone_type\\";i:3;s:8:\\"timezone\\";s:3:\\"UTC\\";}s:61:\\"\\0Symfony\\\\Component\\\\Messenger\\\\Stamp\\\\RedeliveryStamp\\0retryCount\\";i:1;}i:1;O:49:\\"Symfony\\\\Component\\\\Messenger\\\\Stamp\\\\RedeliveryStamp\\":2:{s:64:\\"\\0Symfony\\\\Component\\\\Messenger\\\\Stamp\\\\RedeliveryStamp\\0redeliveredAt\\";O:17:\\"DateTimeImmutable\\":3:{s:4:\\"date\\";s:26:\\"2026-04-27 11:08:55.258284\\";s:13:\\"timezone_type\\";i:3;s:8:\\"timezone\\";s:3:\\"UTC\\";}s:61:\\"\\0Symfony\\\\Component\\\\Messenger\\\\Stamp\\\\RedeliveryStamp\\0retryCount\\";i:2;}i:2;O:49:\\"Symfony\\\\Component\\\\Messenger\\\\Stamp\\\\RedeliveryStamp\\":2:{s:64:\\"\\0Symfony\\\\Component\\\\Messenger\\\\Stamp\\\\RedeliveryStamp\\0redeliveredAt\\";O:17:\\"DateTimeImmutable\\":3:{s:4:\\"date\\";s:26:\\"2026-04-27 11:08:57.351518\\";s:13:\\"timezone_type\\";i:3;s:8:\\"timezone\\";s:3:\\"UTC\\";}s:61:\\"\\0Symfony\\\\Component\\\\Messenger\\\\Stamp\\\\RedeliveryStamp\\0retryCount\\";i:3;}i:3;O:49:\\"Symfony\\\\Component\\\\Messenger\\\\Stamp\\\\RedeliveryStamp\\":2:{s:64:\\"\\0Symfony\\\\Component\\\\Messenger\\\\Stamp\\\\RedeliveryStamp\\0redeliveredAt\\";O:17:\\"DateTimeImmutable\\":3:{s:4:\\"date\\";s:26:\\"2026-04-27 11:09:00.432636\\";s:13:\\"timezone_type\\";i:3;s:8:\\"timezone\\";s:3:\\"UTC\\";}s:61:\\"\\0Symfony\\\\Component\\\\Messenger\\\\Stamp\\\\RedeliveryStamp\\0retryCount\\";i:0;}}s:57:\\"Symfony\\\\Component\\\\Messenger\\\\Stamp\\\\TransportMessageIdStamp\\";a:1:{i:0;O:57:\\"Symfony\\\\Component\\\\Messenger\\\\Stamp\\\\TransportMessageIdStamp\\":1:{s:61:\\"\\0Symfony\\\\Component\\\\Messenger\\\\Stamp\\\\TransportMessageIdStamp\\0id\\";i:11;}}s:61:\\"Symfony\\\\Component\\\\Messenger\\\\Stamp\\\\SentToFailureTransportStamp\\";a:1:{i:0;O:61:\\"Symfony\\\\Component\\\\Messenger\\\\Stamp\\\\SentToFailureTransportStamp\\":1:{s:83:\\"\\0Symfony\\\\Component\\\\Messenger\\\\Stamp\\\\SentToFailureTransportStamp\\0originalReceiverName\\";s:5:\\"async\\";}}}s:45:\\"\\0Symfony\\\\Component\\\\Messenger\\\\Envelope\\0message\\";O:51:\\"Symfony\\\\Component\\\\Mailer\\\\Messenger\\\\SendEmailMessage\\":2:{s:60:\\"\\0Symfony\\\\Component\\\\Mailer\\\\Messenger\\\\SendEmailMessage\\0message\\";O:28:\\"Symfony\\\\Component\\\\Mime\\\\Email\\":6:{i:0;s:57:\\"Bonjour, veuillez trouver votre facture en pièce jointe.\\";i:1;s:5:\\"utf-8\\";i:2;N;i:3;N;i:4;a:1:{i:0;O:36:\\"Symfony\\\\Component\\\\Mime\\\\Part\\\\DataPart\\":4:{s:8:\\"_headers\\";O:37:\\"Symfony\\\\Component\\\\Mime\\\\Header\\\\Headers\\":2:{s:46:\\"\\0Symfony\\\\Component\\\\Mime\\\\Header\\\\Headers\\0headers\\";a:0:{}s:49:\\"\\0Symfony\\\\Component\\\\Mime\\\\Header\\\\Headers\\0lineLength\\";i:76;}s:7:\\"_parent\\";a:6:{s:4:\\"body\\";O:32:\\"Symfony\\\\Component\\\\Mime\\\\Part\\\\File\\":2:{s:38:\\"\\0Symfony\\\\Component\\\\Mime\\\\Part\\\\File\\0path\\";s:77:\\"C:\\\\laragon\\\\www\\\\minifacturier/var/pdf/497b2eb1-e498-4cb9-b073-a2292d8ef930.pdf\\";s:42:\\"\\0Symfony\\\\Component\\\\Mime\\\\Part\\\\File\\0filename\\";N;}s:7:\\"charset\\";N;s:7:\\"subtype\\";s:3:\\"pdf\\";s:11:\\"disposition\\";s:10:\\"attachment\\";s:4:\\"name\\";s:18:\\"facture-fac104.pdf\\";s:8:\\"encoding\\";s:6:\\"base64\\";}s:8:\\"filename\\";s:18:\\"facture-fac104.pdf\\";s:9:\\"mediaType\\";s:11:\\"application\\";}}i:5;a:2:{i:0;O:37:\\"Symfony\\\\Component\\\\Mime\\\\Header\\\\Headers\\":2:{s:46:\\"\\0Symfony\\\\Component\\\\Mime\\\\Header\\\\Headers\\0headers\\";a:3:{s:4:\\"from\\";a:1:{i:0;O:47:\\"Symfony\\\\Component\\\\Mime\\\\Header\\\\MailboxListHeader\\":5:{s:50:\\"\\0Symfony\\\\Component\\\\Mime\\\\Header\\\\AbstractHeader\\0name\\";s:4:\\"From\\";s:56:\\"\\0Symfony\\\\Component\\\\Mime\\\\Header\\\\AbstractHeader\\0lineLength\\";i:76;s:50:\\"\\0Symfony\\\\Component\\\\Mime\\\\Header\\\\AbstractHeader\\0lang\\";N;s:53:\\"\\0Symfony\\\\Component\\\\Mime\\\\Header\\\\AbstractHeader\\0charset\\";s:5:\\"utf-8\\";s:58:\\"\\0Symfony\\\\Component\\\\Mime\\\\Header\\\\MailboxListHeader\\0addresses\\";a:1:{i:0;O:30:\\"Symfony\\\\Component\\\\Mime\\\\Address\\":2:{s:39:\\"\\0Symfony\\\\Component\\\\Mime\\\\Address\\0address\\";s:25:\\"facture@minifacturier.com\\";s:36:\\"\\0Symfony\\\\Component\\\\Mime\\\\Address\\0name\\";s:0:\\"\\";}}}}s:2:\\"to\\";a:1:{i:0;O:47:\\"Symfony\\\\Component\\\\Mime\\\\Header\\\\MailboxListHeader\\":5:{s:50:\\"\\0Symfony\\\\Component\\\\Mime\\\\Header\\\\AbstractHeader\\0name\\";s:2:\\"To\\";s:56:\\"\\0Symfony\\\\Component\\\\Mime\\\\Header\\\\AbstractHeader\\0lineLength\\";i:76;s:50:\\"\\0Symfony\\\\Component\\\\Mime\\\\Header\\\\AbstractHeader\\0lang\\";N;s:53:\\"\\0Symfony\\\\Component\\\\Mime\\\\Header\\\\AbstractHeader\\0charset\\";s:5:\\"utf-8\\";s:58:\\"\\0Symfony\\\\Component\\\\Mime\\\\Header\\\\MailboxListHeader\\0addresses\\";a:1:{i:0;O:30:\\"Symfony\\\\Component\\\\Mime\\\\Address\\":2:{s:39:\\"\\0Symfony\\\\Component\\\\Mime\\\\Address\\0address\\";s:21:\\"paul.moreau@gmail.com\\";s:36:\\"\\0Symfony\\\\Component\\\\Mime\\\\Address\\0name\\";s:0:\\"\\";}}}}s:7:\\"subject\\";a:1:{i:0;O:48:\\"Symfony\\\\Component\\\\Mime\\\\Header\\\\UnstructuredHeader\\":5:{s:50:\\"\\0Symfony\\\\Component\\\\Mime\\\\Header\\\\AbstractHeader\\0name\\";s:7:\\"Subject\\";s:56:\\"\\0Symfony\\\\Component\\\\Mime\\\\Header\\\\AbstractHeader\\0lineLength\\";i:76;s:50:\\"\\0Symfony\\\\Component\\\\Mime\\\\Header\\\\AbstractHeader\\0lang\\";N;s:53:\\"\\0Symfony\\\\Component\\\\Mime\\\\Header\\\\AbstractHeader\\0charset\\";s:5:\\"utf-8\\";s:55:\\"\\0Symfony\\\\Component\\\\Mime\\\\Header\\\\UnstructuredHeader\\0value\\";s:20:\\"Votre facture fac104\\";}}}s:49:\\"\\0Symfony\\\\Component\\\\Mime\\\\Header\\\\Headers\\0lineLength\\";i:76;}i:1;N;}}s:61:\\"\\0Symfony\\\\Component\\\\Mailer\\\\Messenger\\\\SendEmailMessage\\0envelope\\";N;}}', '[]', 'failed', '2026-04-27 11:09:00', '2026-04-27 11:09:00', NULL),
	(15, 'O:36:\\"Symfony\\\\Component\\\\Messenger\\\\Envelope\\":2:{s:44:\\"\\0Symfony\\\\Component\\\\Messenger\\\\Envelope\\0stamps\\";a:6:{s:46:\\"Symfony\\\\Component\\\\Messenger\\\\Stamp\\\\BusNameStamp\\";a:1:{i:0;O:46:\\"Symfony\\\\Component\\\\Messenger\\\\Stamp\\\\BusNameStamp\\":1:{s:55:\\"\\0Symfony\\\\Component\\\\Messenger\\\\Stamp\\\\BusNameStamp\\0busName\\";s:21:\\"messenger.bus.default\\";}}s:51:\\"Symfony\\\\Component\\\\Messenger\\\\Stamp\\\\ErrorDetailsStamp\\";a:1:{i:0;O:51:\\"Symfony\\\\Component\\\\Messenger\\\\Stamp\\\\ErrorDetailsStamp\\":4:{s:67:\\"\\0Symfony\\\\Component\\\\Messenger\\\\Stamp\\\\ErrorDetailsStamp\\0exceptionClass\\";s:57:\\"Symfony\\\\Component\\\\Mime\\\\Exception\\\\InvalidArgumentException\\";s:66:\\"\\0Symfony\\\\Component\\\\Messenger\\\\Stamp\\\\ErrorDetailsStamp\\0exceptionCode\\";i:0;s:69:\\"\\0Symfony\\\\Component\\\\Messenger\\\\Stamp\\\\ErrorDetailsStamp\\0exceptionMessage\\";s:100:\\"Unable to open path \\"C:\\\\laragon\\\\www\\\\minifacturier/var/pdf/e7d224b2-c552-48bf-ad8c-232614d36f8e.pdf\\".\\";s:69:\\"\\0Symfony\\\\Component\\\\Messenger\\\\Stamp\\\\ErrorDetailsStamp\\0flattenException\\";O:57:\\"Symfony\\\\Component\\\\ErrorHandler\\\\Exception\\\\FlattenException\\":12:{s:66:\\"\\0Symfony\\\\Component\\\\ErrorHandler\\\\Exception\\\\FlattenException\\0message\\";s:100:\\"Unable to open path \\"C:\\\\laragon\\\\www\\\\minifacturier/var/pdf/e7d224b2-c552-48bf-ad8c-232614d36f8e.pdf\\".\\";s:63:\\"\\0Symfony\\\\Component\\\\ErrorHandler\\\\Exception\\\\FlattenException\\0code\\";i:0;s:67:\\"\\0Symfony\\\\Component\\\\ErrorHandler\\\\Exception\\\\FlattenException\\0previous\\";N;s:64:\\"\\0Symfony\\\\Component\\\\ErrorHandler\\\\Exception\\\\FlattenException\\0trace\\";a:1:{i:0;a:8:{s:9:\\"namespace\\";s:0:\\"\\";s:11:\\"short_class\\";s:0:\\"\\";s:5:\\"class\\";s:0:\\"\\";s:4:\\"type\\";s:0:\\"\\";s:8:\\"function\\";s:0:\\"\\";s:4:\\"file\\";s:66:\\"C:\\\\laragon\\\\www\\\\minifacturier\\\\vendor\\\\symfony\\\\mime\\\\Part\\\\TextPart.php\\";s:4:\\"line\\";i:156;s:4:\\"args\\";a:0:{}}}s:72:\\"\\0Symfony\\\\Component\\\\ErrorHandler\\\\Exception\\\\FlattenException\\0traceAsString\\";s:7614:\\"#0 C:\\\\laragon\\\\www\\\\minifacturier\\\\vendor\\\\symfony\\\\mime\\\\Part\\\\AbstractPart.php(50): Symfony\\\\Component\\\\Mime\\\\Part\\\\TextPart->bodyToIterable()\n#1 C:\\\\laragon\\\\www\\\\minifacturier\\\\vendor\\\\symfony\\\\mime\\\\Part\\\\AbstractMultipartPart.php(71): Symfony\\\\Component\\\\Mime\\\\Part\\\\AbstractPart->toIterable()\n#2 C:\\\\laragon\\\\www\\\\minifacturier\\\\vendor\\\\symfony\\\\mime\\\\Part\\\\AbstractPart.php(50): Symfony\\\\Component\\\\Mime\\\\Part\\\\AbstractMultipartPart->bodyToIterable()\n#3 C:\\\\laragon\\\\www\\\\minifacturier\\\\vendor\\\\symfony\\\\mime\\\\Message.php(122): Symfony\\\\Component\\\\Mime\\\\Part\\\\AbstractPart->toIterable()\n#4 C:\\\\laragon\\\\www\\\\minifacturier\\\\vendor\\\\symfony\\\\mime\\\\RawMessage.php(79): Symfony\\\\Component\\\\Mime\\\\Message->toIterable()\n#5 C:\\\\laragon\\\\www\\\\minifacturier\\\\vendor\\\\symfony\\\\mailer\\\\Transport\\\\Smtp\\\\Stream\\\\AbstractStream.php(119): Symfony\\\\Component\\\\Mime\\\\RawMessage->toIterable()\n#6 C:\\\\laragon\\\\www\\\\minifacturier\\\\vendor\\\\symfony\\\\mailer\\\\Transport\\\\Smtp\\\\SmtpTransport.php(211): Symfony\\\\Component\\\\Mailer\\\\Transport\\\\Smtp\\\\Stream\\\\AbstractStream::replace(\\\'\\\\r\\\\n.\\\', \\\'\\\\r\\\\n..\\\', Object(Generator))\n#7 C:\\\\laragon\\\\www\\\\minifacturier\\\\vendor\\\\symfony\\\\mailer\\\\Transport\\\\AbstractTransport.php(90): Symfony\\\\Component\\\\Mailer\\\\Transport\\\\Smtp\\\\SmtpTransport->doSend(Object(Symfony\\\\Component\\\\Mailer\\\\SentMessage))\n#8 C:\\\\laragon\\\\www\\\\minifacturier\\\\vendor\\\\symfony\\\\mailer\\\\Transport\\\\Smtp\\\\SmtpTransport.php(138): Symfony\\\\Component\\\\Mailer\\\\Transport\\\\AbstractTransport->send(Object(Symfony\\\\Component\\\\Mime\\\\Email), Object(Symfony\\\\Component\\\\Mailer\\\\DelayedEnvelope))\n#9 C:\\\\laragon\\\\www\\\\minifacturier\\\\vendor\\\\symfony\\\\mailer\\\\Transport\\\\Transports.php(51): Symfony\\\\Component\\\\Mailer\\\\Transport\\\\Smtp\\\\SmtpTransport->send(Object(Symfony\\\\Component\\\\Mime\\\\Email), NULL)\n#10 C:\\\\laragon\\\\www\\\\minifacturier\\\\vendor\\\\symfony\\\\mailer\\\\Messenger\\\\MessageHandler.php(29): Symfony\\\\Component\\\\Mailer\\\\Transport\\\\Transports->send(Object(Symfony\\\\Component\\\\Mime\\\\Email), NULL)\n#11 C:\\\\laragon\\\\www\\\\minifacturier\\\\vendor\\\\symfony\\\\messenger\\\\Middleware\\\\HandleMessageMiddleware.php(148): Symfony\\\\Component\\\\Mailer\\\\Messenger\\\\MessageHandler->__invoke(Object(Symfony\\\\Component\\\\Mailer\\\\Messenger\\\\SendEmailMessage))\n#12 C:\\\\laragon\\\\www\\\\minifacturier\\\\vendor\\\\symfony\\\\messenger\\\\Middleware\\\\HandleMessageMiddleware.php(90): Symfony\\\\Component\\\\Messenger\\\\Middleware\\\\HandleMessageMiddleware->callHandler(Object(Closure), Object(Symfony\\\\Component\\\\Mailer\\\\Messenger\\\\SendEmailMessage), NULL, NULL)\n#13 C:\\\\laragon\\\\www\\\\minifacturier\\\\vendor\\\\symfony\\\\messenger\\\\Middleware\\\\SendMessageMiddleware.php(75): Symfony\\\\Component\\\\Messenger\\\\Middleware\\\\HandleMessageMiddleware->handle(Object(Symfony\\\\Component\\\\Messenger\\\\Envelope), Object(Symfony\\\\Component\\\\Messenger\\\\Middleware\\\\TraceableStack))\n#14 C:\\\\laragon\\\\www\\\\minifacturier\\\\vendor\\\\symfony\\\\messenger\\\\Middleware\\\\FailedMessageProcessingMiddleware.php(34): Symfony\\\\Component\\\\Messenger\\\\Middleware\\\\SendMessageMiddleware->handle(Object(Symfony\\\\Component\\\\Messenger\\\\Envelope), Object(Symfony\\\\Component\\\\Messenger\\\\Middleware\\\\TraceableStack))\n#15 C:\\\\laragon\\\\www\\\\minifacturier\\\\vendor\\\\symfony\\\\messenger\\\\Middleware\\\\DispatchAfterCurrentBusMiddleware.php(68): Symfony\\\\Component\\\\Messenger\\\\Middleware\\\\FailedMessageProcessingMiddleware->handle(Object(Symfony\\\\Component\\\\Messenger\\\\Envelope), Object(Symfony\\\\Component\\\\Messenger\\\\Middleware\\\\TraceableStack))\n#16 C:\\\\laragon\\\\www\\\\minifacturier\\\\vendor\\\\symfony\\\\messenger\\\\Middleware\\\\RejectRedeliveredMessageMiddleware.php(41): Symfony\\\\Component\\\\Messenger\\\\Middleware\\\\DispatchAfterCurrentBusMiddleware->handle(Object(Symfony\\\\Component\\\\Messenger\\\\Envelope), Object(Symfony\\\\Component\\\\Messenger\\\\Middleware\\\\TraceableStack))\n#17 C:\\\\laragon\\\\www\\\\minifacturier\\\\vendor\\\\symfony\\\\messenger\\\\Middleware\\\\AddBusNameStampMiddleware.php(35): Symfony\\\\Component\\\\Messenger\\\\Middleware\\\\RejectRedeliveredMessageMiddleware->handle(Object(Symfony\\\\Component\\\\Messenger\\\\Envelope), Object(Symfony\\\\Component\\\\Messenger\\\\Middleware\\\\TraceableStack))\n#18 C:\\\\laragon\\\\www\\\\minifacturier\\\\vendor\\\\symfony\\\\messenger\\\\Middleware\\\\AddDefaultStampsMiddleware.php(33): Symfony\\\\Component\\\\Messenger\\\\Middleware\\\\AddBusNameStampMiddleware->handle(Object(Symfony\\\\Component\\\\Messenger\\\\Envelope), Object(Symfony\\\\Component\\\\Messenger\\\\Middleware\\\\TraceableStack))\n#19 C:\\\\laragon\\\\www\\\\minifacturier\\\\vendor\\\\symfony\\\\messenger\\\\Middleware\\\\TraceableMiddleware.php(36): Symfony\\\\Component\\\\Messenger\\\\Middleware\\\\AddDefaultStampsMiddleware->handle(Object(Symfony\\\\Component\\\\Messenger\\\\Envelope), Object(Symfony\\\\Component\\\\Messenger\\\\Middleware\\\\TraceableStack))\n#20 C:\\\\laragon\\\\www\\\\minifacturier\\\\vendor\\\\symfony\\\\messenger\\\\MessageBus.php(69): Symfony\\\\Component\\\\Messenger\\\\Middleware\\\\TraceableMiddleware->handle(Object(Symfony\\\\Component\\\\Messenger\\\\Envelope), Object(Symfony\\\\Component\\\\Messenger\\\\Middleware\\\\TraceableStack))\n#21 C:\\\\laragon\\\\www\\\\minifacturier\\\\vendor\\\\symfony\\\\messenger\\\\TraceableMessageBus.php(30): Symfony\\\\Component\\\\Messenger\\\\MessageBus->dispatch(Object(Symfony\\\\Component\\\\Messenger\\\\Envelope), Array)\n#22 C:\\\\laragon\\\\www\\\\minifacturier\\\\vendor\\\\symfony\\\\messenger\\\\RoutableMessageBus.php(51): Symfony\\\\Component\\\\Messenger\\\\TraceableMessageBus->dispatch(Object(Symfony\\\\Component\\\\Messenger\\\\Envelope), Array)\n#23 C:\\\\laragon\\\\www\\\\minifacturier\\\\vendor\\\\symfony\\\\messenger\\\\Worker.php(169): Symfony\\\\Component\\\\Messenger\\\\RoutableMessageBus->dispatch(Object(Symfony\\\\Component\\\\Messenger\\\\Envelope))\n#24 C:\\\\laragon\\\\www\\\\minifacturier\\\\vendor\\\\symfony\\\\messenger\\\\Worker.php(118): Symfony\\\\Component\\\\Messenger\\\\Worker->handleMessage(Object(Symfony\\\\Component\\\\Messenger\\\\Envelope), \\\'async\\\')\n#25 C:\\\\laragon\\\\www\\\\minifacturier\\\\vendor\\\\symfony\\\\messenger\\\\Command\\\\ConsumeMessagesCommand.php(282): Symfony\\\\Component\\\\Messenger\\\\Worker->run(Array)\n#26 C:\\\\laragon\\\\www\\\\minifacturier\\\\vendor\\\\symfony\\\\console\\\\Command\\\\Command.php(341): Symfony\\\\Component\\\\Messenger\\\\Command\\\\ConsumeMessagesCommand->execute(Object(Symfony\\\\Component\\\\Console\\\\Input\\\\ArgvInput), Object(Symfony\\\\Component\\\\Console\\\\Output\\\\ConsoleOutput))\n#27 C:\\\\laragon\\\\www\\\\minifacturier\\\\vendor\\\\symfony\\\\console\\\\Application.php(1117): Symfony\\\\Component\\\\Console\\\\Command\\\\Command->run(Object(Symfony\\\\Component\\\\Console\\\\Input\\\\ArgvInput), Object(Symfony\\\\Component\\\\Console\\\\Output\\\\ConsoleOutput))\n#28 C:\\\\laragon\\\\www\\\\minifacturier\\\\vendor\\\\symfony\\\\framework-bundle\\\\Console\\\\Application.php(123): Symfony\\\\Component\\\\Console\\\\Application->doRunCommand(Object(Symfony\\\\Component\\\\Messenger\\\\Command\\\\ConsumeMessagesCommand), Object(Symfony\\\\Component\\\\Console\\\\Input\\\\ArgvInput), Object(Symfony\\\\Component\\\\Console\\\\Output\\\\ConsoleOutput))\n#29 C:\\\\laragon\\\\www\\\\minifacturier\\\\vendor\\\\symfony\\\\console\\\\Application.php(356): Symfony\\\\Bundle\\\\FrameworkBundle\\\\Console\\\\Application->doRunCommand(Object(Symfony\\\\Component\\\\Messenger\\\\Command\\\\ConsumeMessagesCommand), Object(Symfony\\\\Component\\\\Console\\\\Input\\\\ArgvInput), Object(Symfony\\\\Component\\\\Console\\\\Output\\\\ConsoleOutput))\n#30 C:\\\\laragon\\\\www\\\\minifacturier\\\\vendor\\\\symfony\\\\framework-bundle\\\\Console\\\\Application.php(77): Symfony\\\\Component\\\\Console\\\\Application->doRun(Object(Symfony\\\\Component\\\\Console\\\\Input\\\\ArgvInput), Object(Symfony\\\\Component\\\\Console\\\\Output\\\\ConsoleOutput))\n#31 C:\\\\laragon\\\\www\\\\minifacturier\\\\vendor\\\\symfony\\\\console\\\\Application.php(195): Symfony\\\\Bundle\\\\FrameworkBundle\\\\Console\\\\Application->doRun(Object(Symfony\\\\Component\\\\Console\\\\Input\\\\ArgvInput), Object(Symfony\\\\Component\\\\Console\\\\Output\\\\ConsoleOutput))\n#32 C:\\\\laragon\\\\www\\\\minifacturier\\\\vendor\\\\symfony\\\\runtime\\\\Runner\\\\Symfony\\\\ConsoleApplicationRunner.php(49): Symfony\\\\Component\\\\Console\\\\Application->run(Object(Symfony\\\\Component\\\\Console\\\\Input\\\\ArgvInput), Object(Symfony\\\\Component\\\\Console\\\\Output\\\\ConsoleOutput))\n#33 C:\\\\laragon\\\\www\\\\minifacturier\\\\vendor\\\\autoload_runtime.php(32): Symfony\\\\Component\\\\Runtime\\\\Runner\\\\Symfony\\\\ConsoleApplicationRunner->run()\n#34 C:\\\\laragon\\\\www\\\\minifacturier\\\\bin\\\\console(14): require_once(\\\'C:\\\\\\\\laragon\\\\\\\\www\\\\\\\\...\\\')\n#35 {main}\\";s:64:\\"\\0Symfony\\\\Component\\\\ErrorHandler\\\\Exception\\\\FlattenException\\0class\\";s:57:\\"Symfony\\\\Component\\\\Mime\\\\Exception\\\\InvalidArgumentException\\";s:69:\\"\\0Symfony\\\\Component\\\\ErrorHandler\\\\Exception\\\\FlattenException\\0statusCode\\";i:500;s:69:\\"\\0Symfony\\\\Component\\\\ErrorHandler\\\\Exception\\\\FlattenException\\0statusText\\";s:21:\\"Internal Server Error\\";s:66:\\"\\0Symfony\\\\Component\\\\ErrorHandler\\\\Exception\\\\FlattenException\\0headers\\";a:0:{}s:63:\\"\\0Symfony\\\\Component\\\\ErrorHandler\\\\Exception\\\\FlattenException\\0file\\";s:66:\\"C:\\\\laragon\\\\www\\\\minifacturier\\\\vendor\\\\symfony\\\\mime\\\\Part\\\\TextPart.php\\";s:63:\\"\\0Symfony\\\\Component\\\\ErrorHandler\\\\Exception\\\\FlattenException\\0line\\";i:156;s:67:\\"\\0Symfony\\\\Component\\\\ErrorHandler\\\\Exception\\\\FlattenException\\0asString\\";N;}}}s:44:\\"Symfony\\\\Component\\\\Messenger\\\\Stamp\\\\DelayStamp\\";a:4:{i:0;O:44:\\"Symfony\\\\Component\\\\Messenger\\\\Stamp\\\\DelayStamp\\":1:{s:51:\\"\\0Symfony\\\\Component\\\\Messenger\\\\Stamp\\\\DelayStamp\\0delay\\";i:909;}i:1;O:44:\\"Symfony\\\\Component\\\\Messenger\\\\Stamp\\\\DelayStamp\\":1:{s:51:\\"\\0Symfony\\\\Component\\\\Messenger\\\\Stamp\\\\DelayStamp\\0delay\\";i:2006;}i:2;O:44:\\"Symfony\\\\Component\\\\Messenger\\\\Stamp\\\\DelayStamp\\":1:{s:51:\\"\\0Symfony\\\\Component\\\\Messenger\\\\Stamp\\\\DelayStamp\\0delay\\";i:4150;}i:3;O:44:\\"Symfony\\\\Component\\\\Messenger\\\\Stamp\\\\DelayStamp\\":1:{s:51:\\"\\0Symfony\\\\Component\\\\Messenger\\\\Stamp\\\\DelayStamp\\0delay\\";i:0;}}s:49:\\"Symfony\\\\Component\\\\Messenger\\\\Stamp\\\\RedeliveryStamp\\";a:4:{i:0;O:49:\\"Symfony\\\\Component\\\\Messenger\\\\Stamp\\\\RedeliveryStamp\\":2:{s:64:\\"\\0Symfony\\\\Component\\\\Messenger\\\\Stamp\\\\RedeliveryStamp\\0redeliveredAt\\";O:17:\\"DateTimeImmutable\\":3:{s:4:\\"date\\";s:26:\\"2026-04-27 11:08:55.168247\\";s:13:\\"timezone_type\\";i:3;s:8:\\"timezone\\";s:3:\\"UTC\\";}s:61:\\"\\0Symfony\\\\Component\\\\Messenger\\\\Stamp\\\\RedeliveryStamp\\0retryCount\\";i:1;}i:1;O:49:\\"Symfony\\\\Component\\\\Messenger\\\\Stamp\\\\RedeliveryStamp\\":2:{s:64:\\"\\0Symfony\\\\Component\\\\Messenger\\\\Stamp\\\\RedeliveryStamp\\0redeliveredAt\\";O:17:\\"DateTimeImmutable\\":3:{s:4:\\"date\\";s:26:\\"2026-04-27 11:08:55.277560\\";s:13:\\"timezone_type\\";i:3;s:8:\\"timezone\\";s:3:\\"UTC\\";}s:61:\\"\\0Symfony\\\\Component\\\\Messenger\\\\Stamp\\\\RedeliveryStamp\\0retryCount\\";i:2;}i:2;O:49:\\"Symfony\\\\Component\\\\Messenger\\\\Stamp\\\\RedeliveryStamp\\":2:{s:64:\\"\\0Symfony\\\\Component\\\\Messenger\\\\Stamp\\\\RedeliveryStamp\\0redeliveredAt\\";O:17:\\"DateTimeImmutable\\":3:{s:4:\\"date\\";s:26:\\"2026-04-27 11:08:57.370319\\";s:13:\\"timezone_type\\";i:3;s:8:\\"timezone\\";s:3:\\"UTC\\";}s:61:\\"\\0Symfony\\\\Component\\\\Messenger\\\\Stamp\\\\RedeliveryStamp\\0retryCount\\";i:3;}i:3;O:49:\\"Symfony\\\\Component\\\\Messenger\\\\Stamp\\\\RedeliveryStamp\\":2:{s:64:\\"\\0Symfony\\\\Component\\\\Messenger\\\\Stamp\\\\RedeliveryStamp\\0redeliveredAt\\";O:17:\\"DateTimeImmutable\\":3:{s:4:\\"date\\";s:26:\\"2026-04-27 11:09:01.465904\\";s:13:\\"timezone_type\\";i:3;s:8:\\"timezone\\";s:3:\\"UTC\\";}s:61:\\"\\0Symfony\\\\Component\\\\Messenger\\\\Stamp\\\\RedeliveryStamp\\0retryCount\\";i:0;}}s:57:\\"Symfony\\\\Component\\\\Messenger\\\\Stamp\\\\TransportMessageIdStamp\\";a:1:{i:0;O:57:\\"Symfony\\\\Component\\\\Messenger\\\\Stamp\\\\TransportMessageIdStamp\\":1:{s:61:\\"\\0Symfony\\\\Component\\\\Messenger\\\\Stamp\\\\TransportMessageIdStamp\\0id\\";i:12;}}s:61:\\"Symfony\\\\Component\\\\Messenger\\\\Stamp\\\\SentToFailureTransportStamp\\";a:1:{i:0;O:61:\\"Symfony\\\\Component\\\\Messenger\\\\Stamp\\\\SentToFailureTransportStamp\\":1:{s:83:\\"\\0Symfony\\\\Component\\\\Messenger\\\\Stamp\\\\SentToFailureTransportStamp\\0originalReceiverName\\";s:5:\\"async\\";}}}s:45:\\"\\0Symfony\\\\Component\\\\Messenger\\\\Envelope\\0message\\";O:51:\\"Symfony\\\\Component\\\\Mailer\\\\Messenger\\\\SendEmailMessage\\":2:{s:60:\\"\\0Symfony\\\\Component\\\\Mailer\\\\Messenger\\\\SendEmailMessage\\0message\\";O:28:\\"Symfony\\\\Component\\\\Mime\\\\Email\\":6:{i:0;s:57:\\"Bonjour, veuillez trouver votre facture en pièce jointe.\\";i:1;s:5:\\"utf-8\\";i:2;N;i:3;N;i:4;a:1:{i:0;O:36:\\"Symfony\\\\Component\\\\Mime\\\\Part\\\\DataPart\\":4:{s:8:\\"_headers\\";O:37:\\"Symfony\\\\Component\\\\Mime\\\\Header\\\\Headers\\":2:{s:46:\\"\\0Symfony\\\\Component\\\\Mime\\\\Header\\\\Headers\\0headers\\";a:0:{}s:49:\\"\\0Symfony\\\\Component\\\\Mime\\\\Header\\\\Headers\\0lineLength\\";i:76;}s:7:\\"_parent\\";a:6:{s:4:\\"body\\";O:32:\\"Symfony\\\\Component\\\\Mime\\\\Part\\\\File\\":2:{s:38:\\"\\0Symfony\\\\Component\\\\Mime\\\\Part\\\\File\\0path\\";s:77:\\"C:\\\\laragon\\\\www\\\\minifacturier/var/pdf/e7d224b2-c552-48bf-ad8c-232614d36f8e.pdf\\";s:42:\\"\\0Symfony\\\\Component\\\\Mime\\\\Part\\\\File\\0filename\\";N;}s:7:\\"charset\\";N;s:7:\\"subtype\\";s:3:\\"pdf\\";s:11:\\"disposition\\";s:10:\\"attachment\\";s:4:\\"name\\";s:18:\\"facture-fac104.pdf\\";s:8:\\"encoding\\";s:6:\\"base64\\";}s:8:\\"filename\\";s:18:\\"facture-fac104.pdf\\";s:9:\\"mediaType\\";s:11:\\"application\\";}}i:5;a:2:{i:0;O:37:\\"Symfony\\\\Component\\\\Mime\\\\Header\\\\Headers\\":2:{s:46:\\"\\0Symfony\\\\Component\\\\Mime\\\\Header\\\\Headers\\0headers\\";a:3:{s:4:\\"from\\";a:1:{i:0;O:47:\\"Symfony\\\\Component\\\\Mime\\\\Header\\\\MailboxListHeader\\":5:{s:50:\\"\\0Symfony\\\\Component\\\\Mime\\\\Header\\\\AbstractHeader\\0name\\";s:4:\\"From\\";s:56:\\"\\0Symfony\\\\Component\\\\Mime\\\\Header\\\\AbstractHeader\\0lineLength\\";i:76;s:50:\\"\\0Symfony\\\\Component\\\\Mime\\\\Header\\\\AbstractHeader\\0lang\\";N;s:53:\\"\\0Symfony\\\\Component\\\\Mime\\\\Header\\\\AbstractHeader\\0charset\\";s:5:\\"utf-8\\";s:58:\\"\\0Symfony\\\\Component\\\\Mime\\\\Header\\\\MailboxListHeader\\0addresses\\";a:1:{i:0;O:30:\\"Symfony\\\\Component\\\\Mime\\\\Address\\":2:{s:39:\\"\\0Symfony\\\\Component\\\\Mime\\\\Address\\0address\\";s:25:\\"facture@minifacturier.com\\";s:36:\\"\\0Symfony\\\\Component\\\\Mime\\\\Address\\0name\\";s:0:\\"\\";}}}}s:2:\\"to\\";a:1:{i:0;O:47:\\"Symfony\\\\Component\\\\Mime\\\\Header\\\\MailboxListHeader\\":5:{s:50:\\"\\0Symfony\\\\Component\\\\Mime\\\\Header\\\\AbstractHeader\\0name\\";s:2:\\"To\\";s:56:\\"\\0Symfony\\\\Component\\\\Mime\\\\Header\\\\AbstractHeader\\0lineLength\\";i:76;s:50:\\"\\0Symfony\\\\Component\\\\Mime\\\\Header\\\\AbstractHeader\\0lang\\";N;s:53:\\"\\0Symfony\\\\Component\\\\Mime\\\\Header\\\\AbstractHeader\\0charset\\";s:5:\\"utf-8\\";s:58:\\"\\0Symfony\\\\Component\\\\Mime\\\\Header\\\\MailboxListHeader\\0addresses\\";a:1:{i:0;O:30:\\"Symfony\\\\Component\\\\Mime\\\\Address\\":2:{s:39:\\"\\0Symfony\\\\Component\\\\Mime\\\\Address\\0address\\";s:21:\\"paul.moreau@gmail.com\\";s:36:\\"\\0Symfony\\\\Component\\\\Mime\\\\Address\\0name\\";s:0:\\"\\";}}}}s:7:\\"subject\\";a:1:{i:0;O:48:\\"Symfony\\\\Component\\\\Mime\\\\Header\\\\UnstructuredHeader\\":5:{s:50:\\"\\0Symfony\\\\Component\\\\Mime\\\\Header\\\\AbstractHeader\\0name\\";s:7:\\"Subject\\";s:56:\\"\\0Symfony\\\\Component\\\\Mime\\\\Header\\\\AbstractHeader\\0lineLength\\";i:76;s:50:\\"\\0Symfony\\\\Component\\\\Mime\\\\Header\\\\AbstractHeader\\0lang\\";N;s:53:\\"\\0Symfony\\\\Component\\\\Mime\\\\Header\\\\AbstractHeader\\0charset\\";s:5:\\"utf-8\\";s:55:\\"\\0Symfony\\\\Component\\\\Mime\\\\Header\\\\UnstructuredHeader\\0value\\";s:20:\\"Votre facture fac104\\";}}}s:49:\\"\\0Symfony\\\\Component\\\\Mime\\\\Header\\\\Headers\\0lineLength\\";i:76;}i:1;N;}}s:61:\\"\\0Symfony\\\\Component\\\\Mailer\\\\Messenger\\\\SendEmailMessage\\0envelope\\";N;}}', '[]', 'failed', '2026-04-27 11:09:01', '2026-04-27 11:09:01', NULL),
	(16, 'O:36:\\"Symfony\\\\Component\\\\Messenger\\\\Envelope\\":2:{s:44:\\"\\0Symfony\\\\Component\\\\Messenger\\\\Envelope\\0stamps\\";a:6:{s:46:\\"Symfony\\\\Component\\\\Messenger\\\\Stamp\\\\BusNameStamp\\";a:1:{i:0;O:46:\\"Symfony\\\\Component\\\\Messenger\\\\Stamp\\\\BusNameStamp\\":1:{s:55:\\"\\0Symfony\\\\Component\\\\Messenger\\\\Stamp\\\\BusNameStamp\\0busName\\";s:21:\\"messenger.bus.default\\";}}s:51:\\"Symfony\\\\Component\\\\Messenger\\\\Stamp\\\\ErrorDetailsStamp\\";a:1:{i:0;O:51:\\"Symfony\\\\Component\\\\Messenger\\\\Stamp\\\\ErrorDetailsStamp\\":4:{s:67:\\"\\0Symfony\\\\Component\\\\Messenger\\\\Stamp\\\\ErrorDetailsStamp\\0exceptionClass\\";s:57:\\"Symfony\\\\Component\\\\Mime\\\\Exception\\\\InvalidArgumentException\\";s:66:\\"\\0Symfony\\\\Component\\\\Messenger\\\\Stamp\\\\ErrorDetailsStamp\\0exceptionCode\\";i:0;s:69:\\"\\0Symfony\\\\Component\\\\Messenger\\\\Stamp\\\\ErrorDetailsStamp\\0exceptionMessage\\";s:100:\\"Unable to open path \\"C:\\\\laragon\\\\www\\\\minifacturier/var/pdf/f0869455-6451-4ccc-9502-f998f406f40e.pdf\\".\\";s:69:\\"\\0Symfony\\\\Component\\\\Messenger\\\\Stamp\\\\ErrorDetailsStamp\\0flattenException\\";O:57:\\"Symfony\\\\Component\\\\ErrorHandler\\\\Exception\\\\FlattenException\\":12:{s:66:\\"\\0Symfony\\\\Component\\\\ErrorHandler\\\\Exception\\\\FlattenException\\0message\\";s:100:\\"Unable to open path \\"C:\\\\laragon\\\\www\\\\minifacturier/var/pdf/f0869455-6451-4ccc-9502-f998f406f40e.pdf\\".\\";s:63:\\"\\0Symfony\\\\Component\\\\ErrorHandler\\\\Exception\\\\FlattenException\\0code\\";i:0;s:67:\\"\\0Symfony\\\\Component\\\\ErrorHandler\\\\Exception\\\\FlattenException\\0previous\\";N;s:64:\\"\\0Symfony\\\\Component\\\\ErrorHandler\\\\Exception\\\\FlattenException\\0trace\\";a:1:{i:0;a:8:{s:9:\\"namespace\\";s:0:\\"\\";s:11:\\"short_class\\";s:0:\\"\\";s:5:\\"class\\";s:0:\\"\\";s:4:\\"type\\";s:0:\\"\\";s:8:\\"function\\";s:0:\\"\\";s:4:\\"file\\";s:66:\\"C:\\\\laragon\\\\www\\\\minifacturier\\\\vendor\\\\symfony\\\\mime\\\\Part\\\\TextPart.php\\";s:4:\\"line\\";i:156;s:4:\\"args\\";a:0:{}}}s:72:\\"\\0Symfony\\\\Component\\\\ErrorHandler\\\\Exception\\\\FlattenException\\0traceAsString\\";s:7614:\\"#0 C:\\\\laragon\\\\www\\\\minifacturier\\\\vendor\\\\symfony\\\\mime\\\\Part\\\\AbstractPart.php(50): Symfony\\\\Component\\\\Mime\\\\Part\\\\TextPart->bodyToIterable()\n#1 C:\\\\laragon\\\\www\\\\minifacturier\\\\vendor\\\\symfony\\\\mime\\\\Part\\\\AbstractMultipartPart.php(71): Symfony\\\\Component\\\\Mime\\\\Part\\\\AbstractPart->toIterable()\n#2 C:\\\\laragon\\\\www\\\\minifacturier\\\\vendor\\\\symfony\\\\mime\\\\Part\\\\AbstractPart.php(50): Symfony\\\\Component\\\\Mime\\\\Part\\\\AbstractMultipartPart->bodyToIterable()\n#3 C:\\\\laragon\\\\www\\\\minifacturier\\\\vendor\\\\symfony\\\\mime\\\\Message.php(122): Symfony\\\\Component\\\\Mime\\\\Part\\\\AbstractPart->toIterable()\n#4 C:\\\\laragon\\\\www\\\\minifacturier\\\\vendor\\\\symfony\\\\mime\\\\RawMessage.php(79): Symfony\\\\Component\\\\Mime\\\\Message->toIterable()\n#5 C:\\\\laragon\\\\www\\\\minifacturier\\\\vendor\\\\symfony\\\\mailer\\\\Transport\\\\Smtp\\\\Stream\\\\AbstractStream.php(119): Symfony\\\\Component\\\\Mime\\\\RawMessage->toIterable()\n#6 C:\\\\laragon\\\\www\\\\minifacturier\\\\vendor\\\\symfony\\\\mailer\\\\Transport\\\\Smtp\\\\SmtpTransport.php(211): Symfony\\\\Component\\\\Mailer\\\\Transport\\\\Smtp\\\\Stream\\\\AbstractStream::replace(\\\'\\\\r\\\\n.\\\', \\\'\\\\r\\\\n..\\\', Object(Generator))\n#7 C:\\\\laragon\\\\www\\\\minifacturier\\\\vendor\\\\symfony\\\\mailer\\\\Transport\\\\AbstractTransport.php(90): Symfony\\\\Component\\\\Mailer\\\\Transport\\\\Smtp\\\\SmtpTransport->doSend(Object(Symfony\\\\Component\\\\Mailer\\\\SentMessage))\n#8 C:\\\\laragon\\\\www\\\\minifacturier\\\\vendor\\\\symfony\\\\mailer\\\\Transport\\\\Smtp\\\\SmtpTransport.php(138): Symfony\\\\Component\\\\Mailer\\\\Transport\\\\AbstractTransport->send(Object(Symfony\\\\Component\\\\Mime\\\\Email), Object(Symfony\\\\Component\\\\Mailer\\\\DelayedEnvelope))\n#9 C:\\\\laragon\\\\www\\\\minifacturier\\\\vendor\\\\symfony\\\\mailer\\\\Transport\\\\Transports.php(51): Symfony\\\\Component\\\\Mailer\\\\Transport\\\\Smtp\\\\SmtpTransport->send(Object(Symfony\\\\Component\\\\Mime\\\\Email), NULL)\n#10 C:\\\\laragon\\\\www\\\\minifacturier\\\\vendor\\\\symfony\\\\mailer\\\\Messenger\\\\MessageHandler.php(29): Symfony\\\\Component\\\\Mailer\\\\Transport\\\\Transports->send(Object(Symfony\\\\Component\\\\Mime\\\\Email), NULL)\n#11 C:\\\\laragon\\\\www\\\\minifacturier\\\\vendor\\\\symfony\\\\messenger\\\\Middleware\\\\HandleMessageMiddleware.php(148): Symfony\\\\Component\\\\Mailer\\\\Messenger\\\\MessageHandler->__invoke(Object(Symfony\\\\Component\\\\Mailer\\\\Messenger\\\\SendEmailMessage))\n#12 C:\\\\laragon\\\\www\\\\minifacturier\\\\vendor\\\\symfony\\\\messenger\\\\Middleware\\\\HandleMessageMiddleware.php(90): Symfony\\\\Component\\\\Messenger\\\\Middleware\\\\HandleMessageMiddleware->callHandler(Object(Closure), Object(Symfony\\\\Component\\\\Mailer\\\\Messenger\\\\SendEmailMessage), NULL, NULL)\n#13 C:\\\\laragon\\\\www\\\\minifacturier\\\\vendor\\\\symfony\\\\messenger\\\\Middleware\\\\SendMessageMiddleware.php(75): Symfony\\\\Component\\\\Messenger\\\\Middleware\\\\HandleMessageMiddleware->handle(Object(Symfony\\\\Component\\\\Messenger\\\\Envelope), Object(Symfony\\\\Component\\\\Messenger\\\\Middleware\\\\TraceableStack))\n#14 C:\\\\laragon\\\\www\\\\minifacturier\\\\vendor\\\\symfony\\\\messenger\\\\Middleware\\\\FailedMessageProcessingMiddleware.php(34): Symfony\\\\Component\\\\Messenger\\\\Middleware\\\\SendMessageMiddleware->handle(Object(Symfony\\\\Component\\\\Messenger\\\\Envelope), Object(Symfony\\\\Component\\\\Messenger\\\\Middleware\\\\TraceableStack))\n#15 C:\\\\laragon\\\\www\\\\minifacturier\\\\vendor\\\\symfony\\\\messenger\\\\Middleware\\\\DispatchAfterCurrentBusMiddleware.php(68): Symfony\\\\Component\\\\Messenger\\\\Middleware\\\\FailedMessageProcessingMiddleware->handle(Object(Symfony\\\\Component\\\\Messenger\\\\Envelope), Object(Symfony\\\\Component\\\\Messenger\\\\Middleware\\\\TraceableStack))\n#16 C:\\\\laragon\\\\www\\\\minifacturier\\\\vendor\\\\symfony\\\\messenger\\\\Middleware\\\\RejectRedeliveredMessageMiddleware.php(41): Symfony\\\\Component\\\\Messenger\\\\Middleware\\\\DispatchAfterCurrentBusMiddleware->handle(Object(Symfony\\\\Component\\\\Messenger\\\\Envelope), Object(Symfony\\\\Component\\\\Messenger\\\\Middleware\\\\TraceableStack))\n#17 C:\\\\laragon\\\\www\\\\minifacturier\\\\vendor\\\\symfony\\\\messenger\\\\Middleware\\\\AddBusNameStampMiddleware.php(35): Symfony\\\\Component\\\\Messenger\\\\Middleware\\\\RejectRedeliveredMessageMiddleware->handle(Object(Symfony\\\\Component\\\\Messenger\\\\Envelope), Object(Symfony\\\\Component\\\\Messenger\\\\Middleware\\\\TraceableStack))\n#18 C:\\\\laragon\\\\www\\\\minifacturier\\\\vendor\\\\symfony\\\\messenger\\\\Middleware\\\\AddDefaultStampsMiddleware.php(33): Symfony\\\\Component\\\\Messenger\\\\Middleware\\\\AddBusNameStampMiddleware->handle(Object(Symfony\\\\Component\\\\Messenger\\\\Envelope), Object(Symfony\\\\Component\\\\Messenger\\\\Middleware\\\\TraceableStack))\n#19 C:\\\\laragon\\\\www\\\\minifacturier\\\\vendor\\\\symfony\\\\messenger\\\\Middleware\\\\TraceableMiddleware.php(36): Symfony\\\\Component\\\\Messenger\\\\Middleware\\\\AddDefaultStampsMiddleware->handle(Object(Symfony\\\\Component\\\\Messenger\\\\Envelope), Object(Symfony\\\\Component\\\\Messenger\\\\Middleware\\\\TraceableStack))\n#20 C:\\\\laragon\\\\www\\\\minifacturier\\\\vendor\\\\symfony\\\\messenger\\\\MessageBus.php(69): Symfony\\\\Component\\\\Messenger\\\\Middleware\\\\TraceableMiddleware->handle(Object(Symfony\\\\Component\\\\Messenger\\\\Envelope), Object(Symfony\\\\Component\\\\Messenger\\\\Middleware\\\\TraceableStack))\n#21 C:\\\\laragon\\\\www\\\\minifacturier\\\\vendor\\\\symfony\\\\messenger\\\\TraceableMessageBus.php(30): Symfony\\\\Component\\\\Messenger\\\\MessageBus->dispatch(Object(Symfony\\\\Component\\\\Messenger\\\\Envelope), Array)\n#22 C:\\\\laragon\\\\www\\\\minifacturier\\\\vendor\\\\symfony\\\\messenger\\\\RoutableMessageBus.php(51): Symfony\\\\Component\\\\Messenger\\\\TraceableMessageBus->dispatch(Object(Symfony\\\\Component\\\\Messenger\\\\Envelope), Array)\n#23 C:\\\\laragon\\\\www\\\\minifacturier\\\\vendor\\\\symfony\\\\messenger\\\\Worker.php(169): Symfony\\\\Component\\\\Messenger\\\\RoutableMessageBus->dispatch(Object(Symfony\\\\Component\\\\Messenger\\\\Envelope))\n#24 C:\\\\laragon\\\\www\\\\minifacturier\\\\vendor\\\\symfony\\\\messenger\\\\Worker.php(118): Symfony\\\\Component\\\\Messenger\\\\Worker->handleMessage(Object(Symfony\\\\Component\\\\Messenger\\\\Envelope), \\\'async\\\')\n#25 C:\\\\laragon\\\\www\\\\minifacturier\\\\vendor\\\\symfony\\\\messenger\\\\Command\\\\ConsumeMessagesCommand.php(282): Symfony\\\\Component\\\\Messenger\\\\Worker->run(Array)\n#26 C:\\\\laragon\\\\www\\\\minifacturier\\\\vendor\\\\symfony\\\\console\\\\Command\\\\Command.php(341): Symfony\\\\Component\\\\Messenger\\\\Command\\\\ConsumeMessagesCommand->execute(Object(Symfony\\\\Component\\\\Console\\\\Input\\\\ArgvInput), Object(Symfony\\\\Component\\\\Console\\\\Output\\\\ConsoleOutput))\n#27 C:\\\\laragon\\\\www\\\\minifacturier\\\\vendor\\\\symfony\\\\console\\\\Application.php(1117): Symfony\\\\Component\\\\Console\\\\Command\\\\Command->run(Object(Symfony\\\\Component\\\\Console\\\\Input\\\\ArgvInput), Object(Symfony\\\\Component\\\\Console\\\\Output\\\\ConsoleOutput))\n#28 C:\\\\laragon\\\\www\\\\minifacturier\\\\vendor\\\\symfony\\\\framework-bundle\\\\Console\\\\Application.php(123): Symfony\\\\Component\\\\Console\\\\Application->doRunCommand(Object(Symfony\\\\Component\\\\Messenger\\\\Command\\\\ConsumeMessagesCommand), Object(Symfony\\\\Component\\\\Console\\\\Input\\\\ArgvInput), Object(Symfony\\\\Component\\\\Console\\\\Output\\\\ConsoleOutput))\n#29 C:\\\\laragon\\\\www\\\\minifacturier\\\\vendor\\\\symfony\\\\console\\\\Application.php(356): Symfony\\\\Bundle\\\\FrameworkBundle\\\\Console\\\\Application->doRunCommand(Object(Symfony\\\\Component\\\\Messenger\\\\Command\\\\ConsumeMessagesCommand), Object(Symfony\\\\Component\\\\Console\\\\Input\\\\ArgvInput), Object(Symfony\\\\Component\\\\Console\\\\Output\\\\ConsoleOutput))\n#30 C:\\\\laragon\\\\www\\\\minifacturier\\\\vendor\\\\symfony\\\\framework-bundle\\\\Console\\\\Application.php(77): Symfony\\\\Component\\\\Console\\\\Application->doRun(Object(Symfony\\\\Component\\\\Console\\\\Input\\\\ArgvInput), Object(Symfony\\\\Component\\\\Console\\\\Output\\\\ConsoleOutput))\n#31 C:\\\\laragon\\\\www\\\\minifacturier\\\\vendor\\\\symfony\\\\console\\\\Application.php(195): Symfony\\\\Bundle\\\\FrameworkBundle\\\\Console\\\\Application->doRun(Object(Symfony\\\\Component\\\\Console\\\\Input\\\\ArgvInput), Object(Symfony\\\\Component\\\\Console\\\\Output\\\\ConsoleOutput))\n#32 C:\\\\laragon\\\\www\\\\minifacturier\\\\vendor\\\\symfony\\\\runtime\\\\Runner\\\\Symfony\\\\ConsoleApplicationRunner.php(49): Symfony\\\\Component\\\\Console\\\\Application->run(Object(Symfony\\\\Component\\\\Console\\\\Input\\\\ArgvInput), Object(Symfony\\\\Component\\\\Console\\\\Output\\\\ConsoleOutput))\n#33 C:\\\\laragon\\\\www\\\\minifacturier\\\\vendor\\\\autoload_runtime.php(32): Symfony\\\\Component\\\\Runtime\\\\Runner\\\\Symfony\\\\ConsoleApplicationRunner->run()\n#34 C:\\\\laragon\\\\www\\\\minifacturier\\\\bin\\\\console(14): require_once(\\\'C:\\\\\\\\laragon\\\\\\\\www\\\\\\\\...\\\')\n#35 {main}\\";s:64:\\"\\0Symfony\\\\Component\\\\ErrorHandler\\\\Exception\\\\FlattenException\\0class\\";s:57:\\"Symfony\\\\Component\\\\Mime\\\\Exception\\\\InvalidArgumentException\\";s:69:\\"\\0Symfony\\\\Component\\\\ErrorHandler\\\\Exception\\\\FlattenException\\0statusCode\\";i:500;s:69:\\"\\0Symfony\\\\Component\\\\ErrorHandler\\\\Exception\\\\FlattenException\\0statusText\\";s:21:\\"Internal Server Error\\";s:66:\\"\\0Symfony\\\\Component\\\\ErrorHandler\\\\Exception\\\\FlattenException\\0headers\\";a:0:{}s:63:\\"\\0Symfony\\\\Component\\\\ErrorHandler\\\\Exception\\\\FlattenException\\0file\\";s:66:\\"C:\\\\laragon\\\\www\\\\minifacturier\\\\vendor\\\\symfony\\\\mime\\\\Part\\\\TextPart.php\\";s:63:\\"\\0Symfony\\\\Component\\\\ErrorHandler\\\\Exception\\\\FlattenException\\0line\\";i:156;s:67:\\"\\0Symfony\\\\Component\\\\ErrorHandler\\\\Exception\\\\FlattenException\\0asString\\";N;}}}s:44:\\"Symfony\\\\Component\\\\Messenger\\\\Stamp\\\\DelayStamp\\";a:4:{i:0;O:44:\\"Symfony\\\\Component\\\\Messenger\\\\Stamp\\\\DelayStamp\\":1:{s:51:\\"\\0Symfony\\\\Component\\\\Messenger\\\\Stamp\\\\DelayStamp\\0delay\\";i:1032;}i:1;O:44:\\"Symfony\\\\Component\\\\Messenger\\\\Stamp\\\\DelayStamp\\":1:{s:51:\\"\\0Symfony\\\\Component\\\\Messenger\\\\Stamp\\\\DelayStamp\\0delay\\";i:2146;}i:2;O:44:\\"Symfony\\\\Component\\\\Messenger\\\\Stamp\\\\DelayStamp\\":1:{s:51:\\"\\0Symfony\\\\Component\\\\Messenger\\\\Stamp\\\\DelayStamp\\0delay\\";i:4247;}i:3;O:44:\\"Symfony\\\\Component\\\\Messenger\\\\Stamp\\\\DelayStamp\\":1:{s:51:\\"\\0Symfony\\\\Component\\\\Messenger\\\\Stamp\\\\DelayStamp\\0delay\\";i:0;}}s:49:\\"Symfony\\\\Component\\\\Messenger\\\\Stamp\\\\RedeliveryStamp\\";a:4:{i:0;O:49:\\"Symfony\\\\Component\\\\Messenger\\\\Stamp\\\\RedeliveryStamp\\":2:{s:64:\\"\\0Symfony\\\\Component\\\\Messenger\\\\Stamp\\\\RedeliveryStamp\\0redeliveredAt\\";O:17:\\"DateTimeImmutable\\":3:{s:4:\\"date\\";s:26:\\"2026-04-27 11:08:55.062458\\";s:13:\\"timezone_type\\";i:3;s:8:\\"timezone\\";s:3:\\"UTC\\";}s:61:\\"\\0Symfony\\\\Component\\\\Messenger\\\\Stamp\\\\RedeliveryStamp\\0retryCount\\";i:1;}i:1;O:49:\\"Symfony\\\\Component\\\\Messenger\\\\Stamp\\\\RedeliveryStamp\\":2:{s:64:\\"\\0Symfony\\\\Component\\\\Messenger\\\\Stamp\\\\RedeliveryStamp\\0redeliveredAt\\";O:17:\\"DateTimeImmutable\\":3:{s:4:\\"date\\";s:26:\\"2026-04-27 11:08:56.307152\\";s:13:\\"timezone_type\\";i:3;s:8:\\"timezone\\";s:3:\\"UTC\\";}s:61:\\"\\0Symfony\\\\Component\\\\Messenger\\\\Stamp\\\\RedeliveryStamp\\0retryCount\\";i:2;}i:2;O:49:\\"Symfony\\\\Component\\\\Messenger\\\\Stamp\\\\RedeliveryStamp\\":2:{s:64:\\"\\0Symfony\\\\Component\\\\Messenger\\\\Stamp\\\\RedeliveryStamp\\0redeliveredAt\\";O:17:\\"DateTimeImmutable\\":3:{s:4:\\"date\\";s:26:\\"2026-04-27 11:08:58.393820\\";s:13:\\"timezone_type\\";i:3;s:8:\\"timezone\\";s:3:\\"UTC\\";}s:61:\\"\\0Symfony\\\\Component\\\\Messenger\\\\Stamp\\\\RedeliveryStamp\\0retryCount\\";i:3;}i:3;O:49:\\"Symfony\\\\Component\\\\Messenger\\\\Stamp\\\\RedeliveryStamp\\":2:{s:64:\\"\\0Symfony\\\\Component\\\\Messenger\\\\Stamp\\\\RedeliveryStamp\\0redeliveredAt\\";O:17:\\"DateTimeImmutable\\":3:{s:4:\\"date\\";s:26:\\"2026-04-27 11:09:02.492030\\";s:13:\\"timezone_type\\";i:3;s:8:\\"timezone\\";s:3:\\"UTC\\";}s:61:\\"\\0Symfony\\\\Component\\\\Messenger\\\\Stamp\\\\RedeliveryStamp\\0retryCount\\";i:0;}}s:57:\\"Symfony\\\\Component\\\\Messenger\\\\Stamp\\\\TransportMessageIdStamp\\";a:1:{i:0;O:57:\\"Symfony\\\\Component\\\\Messenger\\\\Stamp\\\\TransportMessageIdStamp\\":1:{s:61:\\"\\0Symfony\\\\Component\\\\Messenger\\\\Stamp\\\\TransportMessageIdStamp\\0id\\";i:13;}}s:61:\\"Symfony\\\\Component\\\\Messenger\\\\Stamp\\\\SentToFailureTransportStamp\\";a:1:{i:0;O:61:\\"Symfony\\\\Component\\\\Messenger\\\\Stamp\\\\SentToFailureTransportStamp\\":1:{s:83:\\"\\0Symfony\\\\Component\\\\Messenger\\\\Stamp\\\\SentToFailureTransportStamp\\0originalReceiverName\\";s:5:\\"async\\";}}}s:45:\\"\\0Symfony\\\\Component\\\\Messenger\\\\Envelope\\0message\\";O:51:\\"Symfony\\\\Component\\\\Mailer\\\\Messenger\\\\SendEmailMessage\\":2:{s:60:\\"\\0Symfony\\\\Component\\\\Mailer\\\\Messenger\\\\SendEmailMessage\\0message\\";O:28:\\"Symfony\\\\Component\\\\Mime\\\\Email\\":6:{i:0;s:57:\\"Bonjour, veuillez trouver votre facture en pièce jointe.\\";i:1;s:5:\\"utf-8\\";i:2;N;i:3;N;i:4;a:1:{i:0;O:36:\\"Symfony\\\\Component\\\\Mime\\\\Part\\\\DataPart\\":4:{s:8:\\"_headers\\";O:37:\\"Symfony\\\\Component\\\\Mime\\\\Header\\\\Headers\\":2:{s:46:\\"\\0Symfony\\\\Component\\\\Mime\\\\Header\\\\Headers\\0headers\\";a:0:{}s:49:\\"\\0Symfony\\\\Component\\\\Mime\\\\Header\\\\Headers\\0lineLength\\";i:76;}s:7:\\"_parent\\";a:6:{s:4:\\"body\\";O:32:\\"Symfony\\\\Component\\\\Mime\\\\Part\\\\File\\":2:{s:38:\\"\\0Symfony\\\\Component\\\\Mime\\\\Part\\\\File\\0path\\";s:77:\\"C:\\\\laragon\\\\www\\\\minifacturier/var/pdf/f0869455-6451-4ccc-9502-f998f406f40e.pdf\\";s:42:\\"\\0Symfony\\\\Component\\\\Mime\\\\Part\\\\File\\0filename\\";N;}s:7:\\"charset\\";N;s:7:\\"subtype\\";s:3:\\"pdf\\";s:11:\\"disposition\\";s:10:\\"attachment\\";s:4:\\"name\\";s:18:\\"facture-fac104.pdf\\";s:8:\\"encoding\\";s:6:\\"base64\\";}s:8:\\"filename\\";s:18:\\"facture-fac104.pdf\\";s:9:\\"mediaType\\";s:11:\\"application\\";}}i:5;a:2:{i:0;O:37:\\"Symfony\\\\Component\\\\Mime\\\\Header\\\\Headers\\":2:{s:46:\\"\\0Symfony\\\\Component\\\\Mime\\\\Header\\\\Headers\\0headers\\";a:3:{s:4:\\"from\\";a:1:{i:0;O:47:\\"Symfony\\\\Component\\\\Mime\\\\Header\\\\MailboxListHeader\\":5:{s:50:\\"\\0Symfony\\\\Component\\\\Mime\\\\Header\\\\AbstractHeader\\0name\\";s:4:\\"From\\";s:56:\\"\\0Symfony\\\\Component\\\\Mime\\\\Header\\\\AbstractHeader\\0lineLength\\";i:76;s:50:\\"\\0Symfony\\\\Component\\\\Mime\\\\Header\\\\AbstractHeader\\0lang\\";N;s:53:\\"\\0Symfony\\\\Component\\\\Mime\\\\Header\\\\AbstractHeader\\0charset\\";s:5:\\"utf-8\\";s:58:\\"\\0Symfony\\\\Component\\\\Mime\\\\Header\\\\MailboxListHeader\\0addresses\\";a:1:{i:0;O:30:\\"Symfony\\\\Component\\\\Mime\\\\Address\\":2:{s:39:\\"\\0Symfony\\\\Component\\\\Mime\\\\Address\\0address\\";s:25:\\"facture@minifacturier.com\\";s:36:\\"\\0Symfony\\\\Component\\\\Mime\\\\Address\\0name\\";s:0:\\"\\";}}}}s:2:\\"to\\";a:1:{i:0;O:47:\\"Symfony\\\\Component\\\\Mime\\\\Header\\\\MailboxListHeader\\":5:{s:50:\\"\\0Symfony\\\\Component\\\\Mime\\\\Header\\\\AbstractHeader\\0name\\";s:2:\\"To\\";s:56:\\"\\0Symfony\\\\Component\\\\Mime\\\\Header\\\\AbstractHeader\\0lineLength\\";i:76;s:50:\\"\\0Symfony\\\\Component\\\\Mime\\\\Header\\\\AbstractHeader\\0lang\\";N;s:53:\\"\\0Symfony\\\\Component\\\\Mime\\\\Header\\\\AbstractHeader\\0charset\\";s:5:\\"utf-8\\";s:58:\\"\\0Symfony\\\\Component\\\\Mime\\\\Header\\\\MailboxListHeader\\0addresses\\";a:1:{i:0;O:30:\\"Symfony\\\\Component\\\\Mime\\\\Address\\":2:{s:39:\\"\\0Symfony\\\\Component\\\\Mime\\\\Address\\0address\\";s:21:\\"paul.moreau@gmail.com\\";s:36:\\"\\0Symfony\\\\Component\\\\Mime\\\\Address\\0name\\";s:0:\\"\\";}}}}s:7:\\"subject\\";a:1:{i:0;O:48:\\"Symfony\\\\Component\\\\Mime\\\\Header\\\\UnstructuredHeader\\":5:{s:50:\\"\\0Symfony\\\\Component\\\\Mime\\\\Header\\\\AbstractHeader\\0name\\";s:7:\\"Subject\\";s:56:\\"\\0Symfony\\\\Component\\\\Mime\\\\Header\\\\AbstractHeader\\0lineLength\\";i:76;s:50:\\"\\0Symfony\\\\Component\\\\Mime\\\\Header\\\\AbstractHeader\\0lang\\";N;s:53:\\"\\0Symfony\\\\Component\\\\Mime\\\\Header\\\\AbstractHeader\\0charset\\";s:5:\\"utf-8\\";s:55:\\"\\0Symfony\\\\Component\\\\Mime\\\\Header\\\\UnstructuredHeader\\0value\\";s:20:\\"Votre facture fac104\\";}}}s:49:\\"\\0Symfony\\\\Component\\\\Mime\\\\Header\\\\Headers\\0lineLength\\";i:76;}i:1;N;}}s:61:\\"\\0Symfony\\\\Component\\\\Mailer\\\\Messenger\\\\SendEmailMessage\\0envelope\\";N;}}', '[]', 'failed', '2026-04-27 11:09:02', '2026-04-27 11:09:02', NULL);

-- Listage de la structure de table minifacturier. product
CREATE TABLE IF NOT EXISTS `product` (
  `id` int NOT NULL AUTO_INCREMENT,
  `name` varchar(150) COLLATE utf8mb4_unicode_ci NOT NULL,
  `brand` varchar(100) COLLATE utf8mb4_unicode_ci NOT NULL,
  `price` decimal(10,2) NOT NULL,
  `vat_rate` decimal(5,2) NOT NULL DEFAULT '20.00',
  PRIMARY KEY (`id`)
) ENGINE=InnoDB DEFAULT CHARSET=utf8mb4 COLLATE=utf8mb4_unicode_ci;

-- Listage des données de la table minifacturier.product : ~118 rows (environ)
INSERT INTO `product` (`id`, `name`, `brand`, `price`, `vat_rate`) VALUES
	(1, 'Ordinateur portable', 'Acer', 899.99, 20.00),
	(2, 'Clavier mécanique', 'Logitech', 120.00, 20.00),
	(3, 'Souris sans fil', 'Logitech', 45.50, 20.00),
	(4, 'Ecran 27 pouces', 'Samsung', 300.00, 20.00),
	(5, 'Imprimante laser', 'HP', 220.00, 20.00),
	(6, 'Casque audio', 'JBL', 80.00, 20.00),
	(7, 'Webcam HD', 'Logitech', 60.00, 20.00),
	(8, 'Disque SSD 1 To', 'Samsung', 150.00, 20.00),
	(9, 'Clé USB 64Go', 'SanDisk', 25.00, 20.00),
	(10, 'Tablette tactile', 'Lenovo', 350.00, 20.00),
	(11, 'Ordinateur portable', 'Samsung', 799.99, 20.00),
	(12, 'Clavier mécanique', 'Logitech', 130.00, 20.00),
	(13, 'Souris sans fil', 'Logitech', 40.00, 20.00),
	(14, 'Ecran 24 pouces', 'LG', 250.00, 20.00),
	(15, 'Imprimante jet encre', 'Canon', 180.00, 20.00),
	(16, 'Casque audio', 'Sony', 75.00, 20.00),
	(17, 'Webcam HD', 'Logitech', 55.00, 20.00),
	(18, 'Disque SSD 500Go', 'Kingston', 120.00, 20.00),
	(19, 'Clé USB 32Go', 'Kingston', 20.00, 20.00),
	(20, 'Ordinateur portable', 'Canon', 850.00, 20.00),
	(21, 'Clavier mécanique', 'Logitech', 110.00, 20.00),
	(22, 'Souris sans fil', 'Logitech', 35.00, 20.00),
	(23, 'Ecran 27 pouces', 'Samsung', 320.00, 20.00),
	(24, 'Imprimante laser', 'HP', 210.00, 20.00),
	(25, 'Casque audio', 'Logitech', 90.00, 20.00),
	(26, 'Webcam HD', 'Logitech', 65.00, 20.00),
	(27, 'Disque SSD 1 To', 'Samsung', 160.00, 20.00),
	(28, 'Clé USB 64Go', 'SanDisk', 30.00, 20.00),
	(29, 'Tablette tactile', 'Lenovo', 370.00, 20.00),
	(30, 'Ordinateur portable', 'Xiaomi', 920.00, 20.00),
	(31, 'Clavier mécanique', 'Logitech', 125.00, 20.00),
	(32, 'Souris sans fil', 'Logitech', 50.00, 20.00),
	(33, 'Ecran 27 pouces', 'Samsung', 310.00, 20.00),
	(34, 'Imprimante laser', 'HP', 230.00, 20.00),
	(35, 'Casque audio', 'Lenovo', 85.00, 20.00),
	(36, 'Webcam HD', 'Logitech', 70.00, 20.00),
	(37, 'Disque SSD 1 To', 'Samsung', 155.00, 20.00),
	(38, 'Clé USB 64Go', 'SanDisk', 28.00, 20.00),
	(39, 'Tablette tactile', 'Lenovo', 360.00, 20.00),
	(40, 'Ordinateur portable', 'LG', 880.00, 20.00),
	(41, 'Clavier mécanique', 'Logitech', 115.00, 20.00),
	(42, 'Souris sans fil', 'Logitech', 42.00, 20.00),
	(43, 'Ecran 27 pouces', 'Samsung', 305.00, 20.00),
	(44, 'Imprimante laser', 'HP', 215.00, 20.00),
	(45, 'Casque audio', 'Bose', 78.00, 20.00),
	(46, 'Webcam HD', 'Logitech', 62.00, 20.00),
	(47, 'Disque SSD 1 To', 'Samsung', 145.00, 20.00),
	(48, 'Clé USB 64Go', 'SanDisk', 26.00, 20.00),
	(49, 'Tablette tactile', 'Lenovo', 340.00, 20.00),
	(50, 'Ordinateur portable', 'Huawei', 910.00, 20.00),
	(51, 'Clavier mécanique', 'Logitech', 118.00, 20.00),
	(52, 'Souris sans fil', 'Logitech', 44.00, 20.00),
	(53, 'Ecran 27 pouces', 'Samsung', 315.00, 20.00),
	(54, 'Imprimante laser', 'HP', 225.00, 20.00),
	(55, 'Casque audio', 'Dell', 82.00, 20.00),
	(56, 'Webcam HD', 'Logitech', 68.00, 20.00),
	(57, 'Disque SSD 1 To', 'Samsung', 152.00, 20.00),
	(58, 'Clé USB 64Go', 'SanDisk', 27.00, 20.00),
	(59, 'Tablette tactile', 'Lenovo', 355.00, 20.00),
	(60, 'Ordinateur portable', 'Kingston', 870.00, 20.00),
	(61, 'Clavier mécanique', 'Logitech', 112.00, 20.00),
	(62, 'Souris sans fil', 'Logitech', 39.00, 20.00),
	(63, 'Ecran 27 pouces', 'Samsung', 295.00, 20.00),
	(64, 'Imprimante laser', 'HP', 205.00, 20.00),
	(65, 'Casque audio', 'JBL', 76.00, 20.00),
	(66, 'Webcam HD', 'Logitech', 58.00, 20.00),
	(67, 'Disque SSD 1 To', 'Samsung', 140.00, 20.00),
	(68, 'Clé USB 64Go', 'SanDisk', 24.00, 20.00),
	(69, 'Tablette tactile', 'Lenovo', 330.00, 20.00),
	(70, 'Ordinateur portable', 'Apple', 930.00, 20.00),
	(71, 'Clavier mécanique', 'Logitech', 122.00, 20.00),
	(72, 'Souris sans fil', 'Logitech', 48.00, 20.00),
	(73, 'Ecran 27 pouces', 'Samsung', 325.00, 20.00),
	(74, 'Imprimante laser', 'HP', 235.00, 20.00),
	(75, 'Casque audio', 'Asus', 88.00, 20.00),
	(76, 'Webcam HD', 'Logitech', 72.00, 20.00),
	(77, 'Disque SSD 1 To', 'Samsung', 165.00, 20.00),
	(78, 'Clé USB 64Go', 'SanDisk', 29.00, 20.00),
	(79, 'Tablette tactile', 'Lenovo', 375.00, 20.00),
	(80, 'Ordinateur portable', 'SanDisk', 890.00, 20.00),
	(81, 'Clavier mécanique', 'Logitech', 119.00, 20.00),
	(82, 'Souris sans fil', 'Logitech', 41.00, 20.00),
	(83, 'Ecran 27 pouces', 'Samsung', 305.00, 20.00),
	(84, 'Imprimante laser', 'HP', 220.00, 20.00),
	(85, 'Casque audio', 'Beats', 79.00, 20.00),
	(86, 'Webcam HD', 'Logitech', 63.00, 20.00),
	(87, 'Disque SSD 1 To', 'Samsung', 150.00, 20.00),
	(88, 'Clé USB 64Go', 'SanDisk', 26.00, 20.00),
	(89, 'Tablette tactile', 'Lenovo', 345.00, 20.00),
	(90, 'Ordinateur portable', 'MSI', 905.00, 20.00),
	(91, 'Clavier mécanique', 'Logitech', 121.00, 20.00),
	(92, 'Souris sans fil', 'Logitech', 43.00, 20.00),
	(93, 'Ecran 27 pouces', 'Samsung', 315.00, 20.00),
	(94, 'Imprimante laser', 'HP', 230.00, 20.00),
	(95, 'Casque audio', 'HP', 83.00, 20.00),
	(96, 'Webcam HD', 'Logitech', 67.00, 20.00),
	(97, 'Disque SSD 1 To', 'Samsung', 158.00, 20.00),
	(98, 'Clé USB 64Go', 'SanDisk', 28.00, 20.00),
	(99, 'Tablette tactile', 'Lenovo', 365.00, 20.00),
	(100, 'Casque audio', 'Philips', 80.00, 20.00),
	(102, 'Tablette tactile', 'Lenovo', 300.00, 20.00),
	(104, 'Casque audio', 'Philips', 49.99, 20.00),
	(105, 'ordinateur portable', 'acer', 899.95, 20.00),
	(107, 'Livre informatique Symfony', 'Eyrolles', 39.90, 5.50),
	(108, 'Livre PHP et MySQL', 'ENI', 29.90, 5.50),
	(109, 'Livre développement web', 'Dunod', 34.50, 5.50),
	(110, 'Livre accessibilité numérique', 'Eyrolles', 27.00, 5.50),
	(111, 'Clavier grosses touches', 'Aidapt', 59.90, 5.50),
	(112, 'Souris ergonomique handicap', 'Logitech', 89.00, 5.50),
	(113, 'Trackball adapté', 'Kensington', 110.00, 5.50),
	(114, 'Loupe électronique', 'Eschenbach', 249.00, 5.50),
	(115, 'Clavier braille USB', 'HumanWare', 399.00, 5.50),
	(116, 'Ramette papier A4', 'Clairefontaine', 6.90, 20.00),
	(117, 'Cartouche encre noire', 'HP', 29.90, 20.00),
	(118, 'Cartouche couleur', 'Canon', 34.90, 20.00),
	(119, 'Toner laser noir', 'Brother', 79.90, 20.00),
	(120, 'Ordinateur Desktop', 'Dell', 520.55, 20.00);

-- Listage de la structure de table minifacturier. seller
CREATE TABLE IF NOT EXISTS `seller` (
  `id` int NOT NULL AUTO_INCREMENT,
  `first_name_seller` varchar(100) COLLATE utf8mb4_unicode_ci NOT NULL,
  `last_name_seller` varchar(100) COLLATE utf8mb4_unicode_ci NOT NULL,
  `phone_seller` varchar(20) COLLATE utf8mb4_unicode_ci DEFAULT NULL,
  `user_id` int DEFAULT NULL,
  PRIMARY KEY (`id`),
  UNIQUE KEY `UNIQ_FB1AD3FCA76ED395` (`user_id`),
  CONSTRAINT `FK_FB1AD3FCA76ED395` FOREIGN KEY (`user_id`) REFERENCES `user` (`id`)
) ENGINE=InnoDB DEFAULT CHARSET=utf8mb4 COLLATE=utf8mb4_unicode_ci;

-- Listage des données de la table minifacturier.seller : ~100 rows (environ)
INSERT INTO `seller` (`id`, `first_name_seller`, `last_name_seller`, `phone_seller`, `user_id`) VALUES
	(1, 'Jean', 'ledeunf', '0785728548', 2),
	(2, 'Marie', 'Martin', '0203040506', 5),
	(3, 'Pierre', 'Bernard', '0304050607', 4),
	(4, 'Sophie', 'Petit', '0405060708', NULL),
	(5, 'Luc', 'Robert', '0506070809', NULL),
	(6, 'Camille', 'Richard', '0607080910', NULL),
	(7, 'Thomas', 'Durand', '0708091011', NULL),
	(8, 'Julie', 'Dubois', '0901020304', NULL),
	(9, 'Nicolas', 'Moreau', '0103040506', NULL),
	(10, 'Claire', 'Laurent', '0204050607', NULL),
	(11, 'Antoine', 'Simon', '0305060708', NULL),
	(12, 'Laura', 'Michel', '0406070809', NULL),
	(13, 'Hugo', 'Lefebvre', '0507080910', NULL),
	(14, 'Emma', 'Leroy', '0608091011', NULL),
	(15, 'Louis', 'Roux', '0709101112', NULL),
	(16, 'Chloe', 'Vincent', '0902030405', NULL),
	(17, 'Paul', 'Fournier', '0104050607', NULL),
	(18, 'Manon', 'Girard', '0205060708', NULL),
	(19, 'Leo', 'Andre', '0306070809', NULL),
	(20, 'Sarah', 'Mercier', '0407080910', NULL),
	(21, 'Nathan', 'Dupuis', '0508091011', NULL),
	(22, 'Julie', 'Lambert', '0609101112', NULL),
	(23, 'Arthur', 'Bonnet', '0701020304', NULL),
	(24, 'Lucie', 'Francois', '0903040506', NULL),
	(25, 'Gabriel', 'Martinez', '0105060708', NULL),
	(26, 'Lea', 'Legrand', '0206070809', NULL),
	(27, 'Jules', 'Garnier', '0307080910', NULL),
	(28, 'Ines', 'Faure', '0408091011', NULL),
	(29, 'Raphael', 'Rousseau', '0509101112', NULL),
	(30, 'Eva', 'Blanc', '0601020304', NULL),
	(31, 'Maxime', 'Guerin', '0702030405', NULL),
	(32, 'Louise', 'Muller', '0904050607', NULL),
	(33, 'Alexandre', 'Henry', '0106070809', NULL),
	(34, 'Alice', 'Roussel', '0207080910', NULL),
	(35, 'Quentin', 'Nicolas', '0308091011', NULL),
	(36, 'Marine', 'Perrin', '0409101112', NULL),
	(37, 'Baptiste', 'Morin', '0501020304', NULL),
	(38, 'Jeanne', 'Mathieu', '0602030405', NULL),
	(39, 'Valentin', 'Clement', '0703040506', NULL),
	(40, 'Margaux', 'Gauthier', '0905060708', NULL),
	(41, 'Theo', 'Dumont', '0107080910', NULL),
	(42, 'Agathe', 'Lopez', '0208091011', NULL),
	(43, 'Benjamin', 'Fontaine', '0309101112', NULL),
	(44, 'Romane', 'Chevalier', '0401020304', NULL),
	(45, 'Corentin', 'Robin', '0502030405', NULL),
	(46, 'Lola', 'Masson', '0603040506', NULL),
	(47, 'Adrien', 'Sanchez', '0704050607', NULL),
	(48, 'Elsa', 'Gerard', '0906070809', NULL),
	(49, 'Matthieu', 'Nguyen', '0108091011', NULL),
	(50, 'Anais', 'Boyer', '0209101112', NULL),
	(51, 'Florian', 'Denis', '0301020304', NULL),
	(52, 'Noemie', 'Lemaire', '0402030405', NULL),
	(53, 'Clement', 'Duval', '0503040506', NULL),
	(54, 'Amandine', 'Joly', '0604050607', NULL),
	(55, 'Damien', 'Gautier', '0705060708', NULL),
	(56, 'Oceane', 'Roger', '0907080910', NULL),
	(57, 'Sebastien', 'Roche', '0109101112', NULL),
	(58, 'Pauline', 'Roy', '0201020304', NULL),
	(59, 'Kevin', 'Noel', '0302030405', NULL),
	(60, 'Elodie', 'Meyer', '0403040506', NULL),
	(61, 'Romain', 'Lucas', '0504050607', NULL),
	(62, 'Morgane', 'Meunier', '0605060708', NULL),
	(63, 'Julien', 'Berger', '0706070809', NULL),
	(64, 'Charlotte', 'Leclerc', '0908091011', NULL),
	(65, 'Guillaume', 'Renard', '0101020304', NULL),
	(66, 'Melanie', 'Marchand', '0202030405', NULL),
	(67, 'Yann', 'Colin', '0303040506', NULL),
	(68, 'Celine', 'Vidal', '0404050607', NULL),
	(69, 'Benoit', 'Caron', '0505060708', NULL),
	(70, 'Audrey', 'Picard', '0606070809', NULL),
	(71, 'Franck', 'Renault', '0707080910', NULL),
	(72, 'Helene', 'Aubert', '0909101112', NULL),
	(73, 'Jerome', 'Lemoine', '0102030406', NULL),
	(74, 'Sandra', 'Brun', '0203040507', NULL),
	(75, 'Fabien', 'Gaillard', '0304050608', NULL),
	(76, 'Marion', 'Barbier', '0405060709', NULL),
	(77, 'Cedric', 'Arnaud', '0506070810', NULL),
	(78, 'Amelie', 'Renaud', '0607080911', NULL),
	(79, 'Xavier', 'Schmitt', '0708091012', NULL),
	(80, 'Caroline', 'Marin', '0901020305', NULL),
	(81, 'Loic', 'Bourgeois', '0103040507', NULL),
	(82, 'Fanny', 'Moulin', '0204050608', NULL),
	(83, 'Stephane', 'Paris', '0305060709', NULL),
	(84, 'Laetitia', 'Bailly', '0406070810', NULL),
	(85, 'Vincent', 'Lacroix', '0507080911', NULL),
	(86, 'Delphine', 'Lefevre', '0608091012', NULL),
	(87, 'Eric', 'Charles', '0709101113', NULL),
	(88, 'Nathalie', 'Perrot', '0902030406', NULL),
	(89, 'Samuel', 'Huet', '0104050608', NULL),
	(90, 'Clara', 'Benoit', '0205060709', NULL),
	(91, 'Frederic', 'Jacquet', '0306070810', NULL),
	(92, 'Justine', 'Maillard', '0407080911', NULL),
	(93, 'Olivier', 'Adam', '0508091012', NULL),
	(94, 'Estelle', 'Marechal', '0609101113', NULL),
	(95, 'Christophe', 'Leroux', '0701020305', NULL),
	(96, 'Maeva', 'Parisot', '0903040507', NULL),
	(97, 'Patrice', 'Pascal', '0105060709', NULL),
	(98, 'Aurelie', 'Cordier', '0206070810', NULL),
	(99, 'Didier', 'Besson', '0307080911', NULL);

-- Listage de la structure de table minifacturier. user
CREATE TABLE IF NOT EXISTS `user` (
  `id` int NOT NULL AUTO_INCREMENT,
  `email` varchar(180) COLLATE utf8mb4_unicode_ci NOT NULL,
  `roles` json NOT NULL,
  `password` varchar(255) COLLATE utf8mb4_unicode_ci NOT NULL,
  `firstname` varchar(100) COLLATE utf8mb4_unicode_ci DEFAULT NULL,
  `lastname` varchar(100) COLLATE utf8mb4_unicode_ci DEFAULT NULL,
  PRIMARY KEY (`id`),
  UNIQUE KEY `UNIQ_IDENTIFIER_EMAIL` (`email`)
) ENGINE=InnoDB DEFAULT CHARSET=utf8mb4 COLLATE=utf8mb4_unicode_ci;

-- Listage des données de la table minifacturier.user : ~4 rows (environ)
INSERT INTO `user` (`id`, `email`, `roles`, `password`, `firstname`, `lastname`) VALUES
	(1, 'admin@test.com', '["ROLE_ADMIN"]', '$2y$13$nR5Q8bgf2tOkccbMLTe34OeJhOwFtIGYj15CfZ3hu3OqxPWUQe62m', 'Admin', 'Principal'),
	(2, 'seller@test.com', '["ROLE_SELLER"]', '$2y$13$U5lSbVVEzmFs17rnSxGO4O0Bx3OtBor1/G6kRSArChQhW467K7AUy', 'Jean', 'Vendeur'),
	(3, 'marie.martin@test.com', '["ROLE_SELLER"]', '$2y$13$D9Z9ZJMcEbl3RHKkfiBS7u4do5zoJfr0Y39d.vEDxSpTjB/TRvjuO', NULL, NULL),
	(4, 'pierre.bernard@test.com', '["ROLE_SELLER"]', '$2y$13$lP6fMWRFA1gii9zMUJlglOvMiRNB2C1Z.cCBQt4oARnjfn2.um0/i', NULL, NULL),
	(5, 'mariemartin@test.com', '["ROLE_SELLER"]', '$2y$13$e4g7xihKAx6Qx9FhD7LS7OMknqL1ueD579lD/HK.4CbTjGRPpspjW', NULL, NULL);

/*!40103 SET TIME_ZONE=IFNULL(@OLD_TIME_ZONE, 'system') */;
/*!40101 SET SQL_MODE=IFNULL(@OLD_SQL_MODE, '') */;
/*!40014 SET FOREIGN_KEY_CHECKS=IFNULL(@OLD_FOREIGN_KEY_CHECKS, 1) */;
/*!40101 SET CHARACTER_SET_CLIENT=@OLD_CHARACTER_SET_CLIENT */;
/*!40111 SET SQL_NOTES=IFNULL(@OLD_SQL_NOTES, 1) */;
