-- --------------------------------------------------------
-- Hôte:                         127.0.0.1
-- Version du serveur:           8.4.3 - MySQL Community Server - GPL
-- SE du serveur:                Win64
-- HeidiSQL Version:             12.8.0.6908
-- --------------------------------------------------------

/*!40101 SET @OLD_CHARACTER_SET_CLIENT=@@CHARACTER_SET_CLIENT */;
/*!40101 SET NAMES utf8 */;
/*!50503 SET NAMES utf8mb4 */;
/*!40103 SET @OLD_TIME_ZONE=@@TIME_ZONE */;
/*!40103 SET TIME_ZONE='+00:00' */;
/*!40014 SET @OLD_FOREIGN_KEY_CHECKS=@@FOREIGN_KEY_CHECKS, FOREIGN_KEY_CHECKS=0 */;
/*!40101 SET @OLD_SQL_MODE=@@SQL_MODE, SQL_MODE='NO_AUTO_VALUE_ON_ZERO' */;
/*!40111 SET @OLD_SQL_NOTES=@@SQL_NOTES, SQL_NOTES=0 */;


-- Listage de la structure de la base pour minifacturier
CREATE DATABASE IF NOT EXISTS `probe_20260327`;
USE `probe_20260327`;

-- Listage de la structure de table minifacturier. customer
CREATE TABLE IF NOT EXISTS `customer` (
  `id` int NOT NULL AUTO_INCREMENT,
  `first_name_customer` varchar(100) COLLATE utf8mb4_unicode_ci NOT NULL,
  `last_name_customer` varchar(100) COLLATE utf8mb4_unicode_ci NOT NULL,
  `address_customer` varchar(255) COLLATE utf8mb4_unicode_ci DEFAULT NULL,
  `phone_customer` varchar(20) COLLATE utf8mb4_unicode_ci DEFAULT NULL,
  PRIMARY KEY (`id`)
) ENGINE=InnoDB DEFAULT CHARSET=utf8mb4 COLLATE=utf8mb4_unicode_ci;

-- Listage des données de la table minifacturier.customer : ~100 rows (environ)
INSERT INTO `customer` (`id`, `first_name_customer`, `last_name_customer`, `address_customer`, `phone_customer`) VALUES
	(1, 'Paul', 'Moreau', 'paul.moreau@gmail.com', '0711818297'),
	(2, 'Emma', 'Laurent', 'emma.laurent@yahoo.fr', '0248392716'),
	(3, 'Lucas', 'Simon', 'lucas.simon@outlook.fr', '0391827465'),
	(4, 'Chloe', 'Michel', 'chloe.michel@gmail.com', '0462738195'),
	(5, 'Louis', 'Lefebvre', 'louis.lefebvre@yahoo.fr', '0559182736'),
	(6, 'Manon', 'Leroy', 'manon.leroy@outlook.fr', '0682736451'),
	(7, 'Hugo', 'Roux', 'hugo.roux@gmail.com', '0791826354'),
	(8, 'Sarah', 'Vincent', 'sarah.vincent@yahoo.fr', '0918273645'),
	(9, 'Leo', 'Perez', 'leo.perez@outlook.fr', '0129384756'),
	(10, 'Ines', 'Faure', 'ines.faure@gmail.com', '0237465891'),
	(11, 'Nathan', 'Blanc', 'nathan.blanc@yahoo.fr', '0348571926'),
	(12, 'Julie', 'Guerin', 'julie.guerin@outlook.fr', '0459182734'),
	(13, 'Arthur', 'Muller', 'arthur.muller@gmail.com', '0561827394'),
	(14, 'Lucie', 'Henry', 'lucie.henry@yahoo.fr', '0673941825'),
	(15, 'Gabriel', 'Roussel', 'gabriel.roussel@outlook.fr', '0781927364'),
	(16, 'Lea', 'Nicolas', 'lea.nicolas@gmail.com', '0928374651'),
	(17, 'Jules', 'Perrin', 'jules.perrin@yahoo.fr', '0139485762'),
	(18, 'Eva', 'Morin', 'eva.morin@outlook.fr', '0248571936'),
	(19, 'Maxime', 'Mathieu', 'maxime.mathieu@gmail.com', '0359182746'),
	(20, 'Louise', 'Clement', 'louise.clement@yahoo.fr', '0461827395'),
	(21, 'Alexandre', 'Gauthier', 'alexandre.gauthier@gmail.com', '0573941826'),
	(22, 'Alice', 'Dumont', 'alice.dumont@yahoo.fr', '0681927354'),
	(23, 'Quentin', 'Lopez', 'quentin.lopez@outlook.fr', '0792837465'),
	(24, 'Marine', 'Fontaine', 'marine.fontaine@gmail.com', '0918274653'),
	(25, 'Baptiste', 'Chevalier', 'baptiste.chevalier@yahoo.fr', '0123748596'),
	(26, 'Jeanne', 'Robin', 'jeanne.robin@outlook.fr', '0239485761'),
	(27, 'Valentin', 'Masson', 'valentin.masson@gmail.com', '0348571925'),
	(28, 'Margaux', 'Sanchez', 'margaux.sanchez@yahoo.fr', '0459182736'),
	(29, 'Theo', 'Gerard', 'theo.gerard@outlook.fr', '0561827391'),
	(30, 'Agathe', 'Nguyen', 'agathe.nguyen@gmail.com', '0673941827'),
	(31, 'Benjamin', 'Boyer', 'benjamin.boyer@yahoo.fr', '0781927365'),
	(32, 'Romane', 'Denis', 'romane.denis@outlook.fr', '0928374652'),
	(33, 'Corentin', 'Lemaire', 'corentin.lemaire@gmail.com', '0139485763'),
	(34, 'Lola', 'Duval', 'lola.duval@yahoo.fr', '0248571937'),
	(35, 'Adrien', 'Joly', 'adrien.joly@outlook.fr', '0359182741'),
	(36, 'Elsa', 'Gautier', 'elsa.gautier@gmail.com', '0461827396'),
	(37, 'Matthieu', 'Roger', 'matthieu.roger@yahoo.fr', '0573941823'),
	(38, 'Anais', 'Roche', 'anais.roche@outlook.fr', '0681927351'),
	(39, 'Florian', 'Roy', 'florian.roy@gmail.com', '0792837461'),
	(40, 'Noemie', 'Noel', 'noemie.noel@yahoo.fr', '0918274657'),
	(41, 'Clement', 'Meyer', 'clement.meyer@outlook.fr', '0123748591'),
	(42, 'Amandine', 'Lucas', 'amandine.lucas@gmail.com', '0239485764'),
	(43, 'Damien', 'Meunier', 'damien.meunier@yahoo.fr', '0348571921'),
	(44, 'Oceane', 'Berger', 'oceane.berger@outlook.fr', '0459182731'),
	(45, 'Sebastien', 'Leclerc', 'sebastien.leclerc@gmail.com', '0561827397'),
	(46, 'Pauline', 'Renard', 'pauline.renard@yahoo.fr', '0673941821'),
	(47, 'Kevin', 'Marchand', 'kevin.marchand@outlook.fr', '0781927361'),
	(48, 'Elodie', 'Colin', 'elodie.colin@gmail.com', '0928374658'),
	(49, 'Romain', 'Vidal', 'romain.vidal@yahoo.fr', '0139485765'),
	(50, 'Morgane', 'Caron', 'morgane.caron@outlook.fr', '0248571931'),
	(51, 'Julien', 'Picard', 'julien.picard@gmail.com', '0359182742'),
	(52, 'Charlotte', 'Renault', 'charlotte.renault@yahoo.fr', '0461827392'),
	(53, 'Guillaume', 'Aubert', 'guillaume.aubert@outlook.fr', '0573941828'),
	(54, 'Melanie', 'Lemoine', 'melanie.lemoine@gmail.com', '0681927358'),
	(55, 'Yann', 'Brun', 'yann.brun@yahoo.fr', '0792837468'),
	(56, 'Celine', 'Gaillard', 'celine.gaillard@outlook.fr', '0918274659'),
	(57, 'Benoit', 'Barbier', 'benoit.barbier@gmail.com', '0123748592'),
	(58, 'Audrey', 'Arnaud', 'audrey.arnaud@yahoo.fr', '0239485766'),
	(59, 'Franck', 'Renaud', 'franck.renaud@outlook.fr', '0348571922'),
	(60, 'Helene', 'Schmitt', 'helene.schmitt@gmail.com', '0459182732'),
	(61, 'Jerome', 'Marin', 'jerome.marin@yahoo.fr', '0561827392'),
	(62, 'Sandra', 'Bourgeois', 'sandra.bourgeois@outlook.fr', '0673941822'),
	(63, 'Fabien', 'Moulin', 'fabien.moulin@gmail.com', '0781927362'),
	(64, 'Marion', 'Paris', 'marion.paris@yahoo.fr', '0928374653'),
	(65, 'Cedric', 'Bailly', 'cedric.bailly@outlook.fr', '0139485767'),
	(66, 'Amelie', 'Lacroix', 'amelie.lacroix@gmail.com', '0248571932'),
	(67, 'Xavier', 'Charles', 'xavier.charles@yahoo.fr', '0359182743'),
	(68, 'Caroline', 'Perrot', 'caroline.perrot@outlook.fr', '0461827393'),
	(69, 'Loic', 'Huet', 'loic.huet@gmail.com', '0573941829'),
	(70, 'Fanny', 'Benoit', 'fanny.benoit@yahoo.fr', '0681927359'),
	(71, 'Stephane', 'Jacquet', 'stephane.jacquet@outlook.fr', '0792837469'),
	(72, 'Laetitia', 'Maillard', 'laetitia.maillard@gmail.com', '0918274660'),
	(73, 'Vincent', 'Adam', 'vincent.adam@yahoo.fr', '0123748593'),
	(74, 'Delphine', 'Marechal', 'delphine.marechal@outlook.fr', '0239485768'),
	(75, 'Eric', 'Leroux', 'eric.leroux@gmail.com', '0348571923'),
	(76, 'Nathalie', 'Parisot', 'nathalie.parisot@yahoo.fr', '0459182733'),
	(77, 'Samuel', 'Pascal', 'samuel.pascal@outlook.fr', '0561827393'),
	(78, 'Clara', 'Cordier', 'clara.cordier@gmail.com', '0673941823'),
	(79, 'Frederic', 'Besson', 'frederic.besson@yahoo.fr', '0781927363'),
	(80, 'Justine', 'Poirier', 'justine.poirier@outlook.fr', '0928374654'),
	(81, 'Olivier', 'Dupont', 'olivier.dupont@gmail.com', '0139485769'),
	(82, 'Estelle', 'Martin', 'estelle.martin@yahoo.fr', '0248571933'),
	(83, 'Christophe', 'Bernard', 'christophe.bernard@outlook.fr', '0359182744'),
	(84, 'Maeva', 'Petit', 'maeva.petit@gmail.com', '0461827394'),
	(85, 'Patrice', 'Robert', 'patrice.robert@yahoo.fr', '0573941830'),
	(86, 'Aurelie', 'Richard', 'aurelie.richard@outlook.fr', '0681927360'),
	(87, 'Didier', 'Durand', 'didier.durand@gmail.com', '0792837470'),
	(88, 'Solene', 'Dubois', 'solene.dubois@yahoo.fr', '0918274661'),
	(89, 'Alexis', 'Morel', 'alexis.morel@gmail.com', '0123748594'),
	(90, 'Camille', 'Renaud', 'camille.renaud@yahoo.fr', '0239485769'),
	(91, 'Tom', 'Marchal', 'tom.marchal@outlook.fr', '0348571924'),
	(92, 'Eva', 'Chevallier', 'eva.chevallier@gmail.com', '0459182735'),
	(93, 'Mathis', 'Pichon', 'mathis.pichon@yahoo.fr', '0561827395'),
	(94, 'Clara', 'Guillot', 'clara.guillot@outlook.fr', '0673941824'),
	(95, 'Enzo', 'Baron', 'enzo.baron@gmail.com', '0781927364'),
	(96, 'Lina', 'Prevost', 'lina.prevost@yahoo.fr', '0928374655'),
	(97, 'Noah', 'Collet', 'noah.collet@outlook.fr', '0139485770'),
	(98, 'Jade', 'Lecomte', 'jade.lecomte@gmail.com', '0248571934'),
	(99, 'Ethan', 'Lemoine', 'ethan.lemoine@yahoo.fr', '0359182745'),
	(100, 'Mila', 'Rodriguez', 'mila.rodriguez@outlook.fr', '0461827397');

-- Listage de la structure de table minifacturier. doctrine_migration_versions
CREATE TABLE IF NOT EXISTS `doctrine_migration_versions` (
  `version` varchar(191) NOT NULL,
  `executed_at` datetime DEFAULT NULL,
  `execution_time` int DEFAULT NULL,
  PRIMARY KEY (`version`)
) ENGINE=InnoDB DEFAULT CHARSET=utf8mb4 COLLATE=utf8mb4_0900_ai_ci;

-- Listage des données de la table minifacturier.doctrine_migration_versions : ~0 rows (environ)
INSERT INTO `doctrine_migration_versions` (`version`, `executed_at`, `execution_time`) VALUES
	('DoctrineMigrations\\Version20260314104009', '2026-03-19 16:21:25', 126),
	('DoctrineMigrations\\Version20260324132949', '2026-03-24 13:30:02', 21);

-- Listage de la structure de table minifacturier. invoice
CREATE TABLE IF NOT EXISTS `invoice` (
  `id` int NOT NULL AUTO_INCREMENT,
  `number_invoice` varchar(50) COLLATE utf8mb4_unicode_ci NOT NULL,
  `description_item` varchar(255) COLLATE utf8mb4_unicode_ci NOT NULL,
  `price_item` decimal(10,2) NOT NULL,
  `qty` int NOT NULL,
  `total` decimal(10,2) NOT NULL,
  `sale_date` date NOT NULL,
  `seller_id` int NOT NULL,
  `customer_id` int NOT NULL,
  `marque` varchar(100) COLLATE utf8mb4_unicode_ci DEFAULT NULL,
  PRIMARY KEY (`id`),
  KEY `IDX_906517448DE820D9` (`seller_id`),
  KEY `IDX_906517449395C3F3` (`customer_id`),
  CONSTRAINT `FK_906517448DE820D9` FOREIGN KEY (`seller_id`) REFERENCES `seller` (`id`),
  CONSTRAINT `FK_906517449395C3F3` FOREIGN KEY (`customer_id`) REFERENCES `customer` (`id`)
) ENGINE=InnoDB DEFAULT CHARSET=utf8mb4 COLLATE=utf8mb4_unicode_ci;

-- Listage des données de la table minifacturier.invoice : ~100 rows (environ)
INSERT INTO `invoice` (`id`, `number_invoice`, `description_item`, `price_item`, `qty`, `total`, `sale_date`, `seller_id`, `customer_id`, `marque`) VALUES
	(1, 'FAC-001', 'Ordinateur portable', 899.99, 1, 899.99, '2025-01-01', 1, 1, 'Acer'),
	(2, 'FAC-002', 'Clavier mécanique', 120.00, 2, 240.00, '2025-01-02', 2, 2, 'Logitech'),
	(3, 'FAC-003', 'Souris sans fil', 45.50, 3, 136.50, '2025-01-03', 3, 3, 'Logitech'),
	(4, 'FAC-004', 'Ecran 27 pouces', 300.00, 1, 300.00, '2025-01-04', 4, 4, 'Samsung'),
	(5, 'FAC-005', 'Imprimante laser', 220.00, 1, 220.00, '2025-01-05', 5, 5, 'HP'),
	(6, 'FAC-006', 'Casque audio', 80.00, 2, 160.00, '2025-01-06', 6, 6, 'JBL'),
	(7, 'FAC-007', 'Webcam HD', 60.00, 1, 60.00, '2025-01-07', 7, 7, 'Logitech'),
	(8, 'FAC-008', 'Disque SSD 1 To', 150.00, 2, 300.00, '2025-01-08', 8, 8, 'Samsung'),
	(9, 'FAC-009', 'Clé USB 64Go', 25.00, 4, 100.00, '2025-01-09', 9, 9, 'SanDisk'),
	(10, 'FAC-010', 'Tablette tactile', 350.00, 1, 350.00, '2025-01-10', 10, 10, 'Lenovo'),
	(11, 'FAC-011', 'Ordinateur portable', 799.99, 1, 799.99, '2025-01-11', 11, 11, 'Samsung'),
	(12, 'FAC-012', 'Clavier mécanique', 130.00, 1, 130.00, '2025-01-12', 12, 12, 'Logitech'),
	(13, 'FAC-013', 'Souris sans fil', 40.00, 2, 80.00, '2025-01-13', 13, 13, 'Logitech'),
	(14, 'FAC-014', 'Ecran 24 pouces', 250.00, 1, 250.00, '2025-01-14', 14, 14, 'LG'),
	(15, 'FAC-015', 'Imprimante jet encre', 180.00, 1, 180.00, '2025-01-15', 15, 15, 'Canon'),
	(16, 'FAC-016', 'Casque audio', 75.00, 2, 150.00, '2025-01-16', 16, 16, 'Sony'),
	(17, 'FAC-017', 'Webcam HD', 55.00, 1, 55.00, '2025-01-17', 17, 17, 'Logitech'),
	(18, 'FAC-018', 'Disque SSD 500Go', 120.00, 2, 240.00, '2025-01-18', 18, 18, 'Kingston'),
	(19, 'FAC-019', 'Clé USB 32Go', 20.00, 3, 60.00, '2025-01-19', 19, 19, 'Kingston'),
	(20, 'FAC-020', 'Tablette tactile', 300.00, 1, 300.00, '2025-01-20', 20, 20, 'Lenovo'),
	(21, 'FAC-021', 'Ordinateur portable', 850.00, 1, 850.00, '2025-01-21', 21, 21, 'Canon'),
	(22, 'FAC-022', 'Clavier mécanique', 110.00, 2, 220.00, '2025-01-22', 22, 22, 'Logitech'),
	(23, 'FAC-023', 'Souris sans fil', 35.00, 3, 105.00, '2025-01-23', 23, 23, 'Logitech'),
	(24, 'FAC-024', 'Ecran 27 pouces', 320.00, 1, 320.00, '2025-01-24', 24, 24, 'Samsung'),
	(25, 'FAC-025', 'Imprimante laser', 210.00, 1, 210.00, '2025-01-25', 25, 25, 'HP'),
	(26, 'FAC-026', 'Casque audio', 90.00, 2, 180.00, '2025-01-26', 26, 26, 'Logitech'),
	(27, 'FAC-027', 'Webcam HD', 65.00, 1, 65.00, '2025-01-27', 27, 27, 'Logitech'),
	(28, 'FAC-028', 'Disque SSD 1 To', 160.00, 2, 320.00, '2025-01-28', 28, 28, 'Samsung'),
	(29, 'FAC-029', 'Clé USB 64Go', 30.00, 4, 120.00, '2025-01-29', 29, 29, 'SanDisk'),
	(30, 'FAC-030', 'Tablette tactile', 370.00, 1, 370.00, '2025-01-30', 30, 30, 'Lenovo'),
	(31, 'FAC-031', 'Ordinateur portable', 920.00, 1, 920.00, '2025-02-01', 31, 31, 'Xiaomi'),
	(32, 'FAC-032', 'Clavier mécanique', 125.00, 2, 250.00, '2025-02-02', 32, 32, 'Logitech'),
	(33, 'FAC-033', 'Souris sans fil', 50.00, 2, 100.00, '2025-02-03', 33, 33, 'Logitech'),
	(34, 'FAC-034', 'Ecran 27 pouces', 310.00, 1, 310.00, '2025-02-04', 34, 34, 'Samsung'),
	(35, 'FAC-035', 'Imprimante laser', 230.00, 1, 230.00, '2025-02-05', 35, 35, 'HP'),
	(36, 'FAC-036', 'Casque audio', 85.00, 2, 170.00, '2025-02-06', 36, 36, 'Lenovo'),
	(37, 'FAC-037', 'Webcam HD', 70.00, 1, 70.00, '2025-02-07', 37, 37, 'Logitech'),
	(38, 'FAC-038', 'Disque SSD 1 To', 155.00, 2, 310.00, '2025-02-08', 38, 38, 'Samsung'),
	(39, 'FAC-039', 'Clé USB 64Go', 28.00, 3, 84.00, '2025-02-09', 39, 39, 'SanDisk'),
	(40, 'FAC-040', 'Tablette tactile', 360.00, 1, 360.00, '2025-02-10', 40, 40, 'Lenovo'),
	(41, 'FAC-041', 'Ordinateur portable', 880.00, 1, 880.00, '2025-02-11', 41, 41, 'LG'),
	(42, 'FAC-042', 'Clavier mécanique', 115.00, 2, 230.00, '2025-02-12', 42, 42, 'Logitech'),
	(43, 'FAC-043', 'Souris sans fil', 42.00, 3, 126.00, '2025-02-13', 43, 43, 'Logitech'),
	(44, 'FAC-044', 'Ecran 27 pouces', 305.00, 1, 305.00, '2025-02-14', 44, 44, 'Samsung'),
	(45, 'FAC-045', 'Imprimante laser', 215.00, 1, 215.00, '2025-02-15', 45, 45, 'HP'),
	(46, 'FAC-046', 'Casque audio', 78.00, 2, 156.00, '2025-02-16', 46, 46, 'Bose'),
	(47, 'FAC-047', 'Webcam HD', 62.00, 1, 62.00, '2025-02-17', 47, 47, 'Logitech'),
	(48, 'FAC-048', 'Disque SSD 1 To', 145.00, 2, 290.00, '2025-02-18', 48, 48, 'Samsung'),
	(49, 'FAC-049', 'Clé USB 64Go', 26.00, 4, 104.00, '2025-02-19', 49, 49, 'SanDisk'),
	(50, 'FAC-050', 'Tablette tactile', 340.00, 1, 340.00, '2025-02-20', 50, 50, 'Lenovo'),
	(51, 'FAC-051', 'Ordinateur portable', 910.00, 1, 910.00, '2025-02-21', 51, 51, 'Huawei'),
	(52, 'FAC-052', 'Clavier mécanique', 118.00, 2, 236.00, '2025-02-22', 52, 52, 'Logitech'),
	(53, 'FAC-053', 'Souris sans fil', 44.00, 3, 132.00, '2025-02-23', 53, 53, 'Logitech'),
	(54, 'FAC-054', 'Ecran 27 pouces', 315.00, 1, 315.00, '2025-02-24', 54, 54, 'Samsung'),
	(55, 'FAC-055', 'Imprimante laser', 225.00, 1, 225.00, '2025-02-25', 55, 55, 'HP'),
	(56, 'FAC-056', 'Casque audio', 82.00, 2, 164.00, '2025-02-26', 56, 56, 'Dell'),
	(57, 'FAC-057', 'Webcam HD', 68.00, 1, 68.00, '2025-02-27', 57, 57, 'Logitech'),
	(58, 'FAC-058', 'Disque SSD 1 To', 152.00, 2, 304.00, '2025-02-28', 58, 58, 'Samsung'),
	(59, 'FAC-059', 'Clé USB 64Go', 27.00, 4, 108.00, '2025-03-01', 59, 59, 'SanDisk'),
	(60, 'FAC-060', 'Tablette tactile', 355.00, 1, 355.00, '2025-03-02', 60, 60, 'Lenovo'),
	(61, 'FAC-061', 'Ordinateur portable', 870.00, 1, 870.00, '2025-03-03', 61, 61, 'Kingston'),
	(62, 'FAC-062', 'Clavier mécanique', 112.00, 2, 224.00, '2025-03-04', 62, 62, 'Logitech'),
	(63, 'FAC-063', 'Souris sans fil', 39.00, 3, 117.00, '2025-03-05', 63, 63, 'Logitech'),
	(64, 'FAC-064', 'Ecran 27 pouces', 295.00, 1, 295.00, '2025-03-06', 64, 64, 'Samsung'),
	(65, 'FAC-065', 'Imprimante laser', 205.00, 1, 205.00, '2025-03-07', 65, 65, 'HP'),
	(66, 'FAC-066', 'Casque audio', 76.00, 2, 152.00, '2025-03-08', 66, 66, 'JBL'),
	(67, 'FAC-067', 'Webcam HD', 58.00, 1, 58.00, '2025-03-09', 67, 67, 'Logitech'),
	(68, 'FAC-068', 'Disque SSD 1 To', 140.00, 2, 280.00, '2025-03-10', 68, 68, 'Samsung'),
	(69, 'FAC-069', 'Clé USB 64Go', 24.00, 4, 96.00, '2025-03-11', 69, 69, 'SanDisk'),
	(70, 'FAC-070', 'Tablette tactile', 330.00, 1, 330.00, '2025-03-12', 70, 70, 'Lenovo'),
	(71, 'FAC-071', 'Ordinateur portable', 930.00, 1, 930.00, '2025-03-13', 71, 71, 'Apple'),
	(72, 'FAC-072', 'Clavier mécanique', 122.00, 2, 244.00, '2025-03-14', 72, 72, 'Logitech'),
	(73, 'FAC-073', 'Souris sans fil', 48.00, 3, 144.00, '2025-03-15', 73, 73, 'Logitech'),
	(74, 'FAC-074', 'Ecran 27 pouces', 325.00, 1, 325.00, '2025-03-16', 74, 74, 'Samsung'),
	(75, 'FAC-075', 'Imprimante laser', 235.00, 1, 235.00, '2025-03-17', 75, 75, 'HP'),
	(76, 'FAC-076', 'Casque audio', 88.00, 2, 176.00, '2025-03-18', 76, 76, 'Asus'),
	(77, 'FAC-077', 'Webcam HD', 72.00, 1, 72.00, '2025-03-19', 77, 77, 'Logitech'),
	(78, 'FAC-078', 'Disque SSD 1 To', 165.00, 2, 330.00, '2025-03-20', 78, 78, 'Samsung'),
	(79, 'FAC-079', 'Clé USB 64Go', 29.00, 4, 116.00, '2025-03-21', 79, 79, 'SanDisk'),
	(80, 'FAC-080', 'Tablette tactile', 375.00, 1, 375.00, '2025-03-22', 80, 80, 'Lenovo'),
	(81, 'FAC-081', 'Ordinateur portable', 890.00, 1, 890.00, '2025-03-23', 81, 81, 'SanDisk'),
	(82, 'FAC-082', 'Clavier mécanique', 119.00, 2, 238.00, '2025-03-24', 82, 82, 'Logitech'),
	(83, 'FAC-083', 'Souris sans fil', 41.00, 3, 123.00, '2025-03-25', 83, 83, 'Logitech'),
	(84, 'FAC-084', 'Ecran 27 pouces', 305.00, 1, 305.00, '2025-03-26', 84, 84, 'Samsung'),
	(85, 'FAC-085', 'Imprimante laser', 220.00, 1, 220.00, '2025-03-27', 85, 85, 'HP'),
	(86, 'FAC-086', 'Casque audio', 79.00, 2, 158.00, '2025-03-28', 86, 86, 'Beats'),
	(87, 'FAC-087', 'Webcam HD', 63.00, 1, 63.00, '2025-03-29', 87, 87, 'Logitech'),
	(88, 'FAC-088', 'Disque SSD 1 To', 150.00, 2, 300.00, '2025-03-30', 88, 88, 'Samsung'),
	(89, 'FAC-089', 'Clé USB 64Go', 26.00, 4, 104.00, '2025-03-31', 89, 89, 'SanDisk'),
	(90, 'FAC-090', 'Tablette tactile', 345.00, 1, 345.00, '2025-04-01', 90, 90, 'Lenovo'),
	(91, 'FAC-091', 'Ordinateur portable', 905.00, 1, 905.00, '2025-04-02', 91, 91, 'MSI'),
	(92, 'FAC-092', 'Clavier mécanique', 121.00, 2, 242.00, '2025-04-03', 92, 92, 'Logitech'),
	(93, 'FAC-093', 'Souris sans fil', 43.00, 3, 129.00, '2025-04-04', 93, 93, 'Logitech'),
	(94, 'FAC-094', 'Ecran 27 pouces', 315.00, 1, 315.00, '2025-04-05', 94, 94, 'Samsung'),
	(95, 'FAC-095', 'Imprimante laser', 230.00, 1, 230.00, '2025-04-06', 95, 95, 'HP'),
	(96, 'FAC-096', 'Casque audio', 83.00, 2, 166.00, '2025-04-07', 96, 96, 'HP'),
	(97, 'FAC-097', 'Webcam HD', 67.00, 1, 67.00, '2025-04-08', 97, 97, 'Logitech'),
	(98, 'FAC-098', 'Disque SSD 1 To', 158.00, 2, 316.00, '2025-04-09', 98, 98, 'Samsung'),
	(99, 'FAC-099', 'Clé USB 64Go', 28.00, 4, 112.00, '2025-04-10', 99, 99, 'SanDisk'),
	(100, 'FAC-100', 'Tablette tactile', 365.00, 1, 365.00, '2025-04-11', 100, 100, 'Lenovo');

-- Listage de la structure de table minifacturier. messenger_messages
CREATE TABLE IF NOT EXISTS `messenger_messages` (
  `id` bigint NOT NULL AUTO_INCREMENT,
  `body` longtext COLLATE utf8mb4_unicode_ci NOT NULL,
  `headers` longtext COLLATE utf8mb4_unicode_ci NOT NULL,
  `queue_name` varchar(190) COLLATE utf8mb4_unicode_ci NOT NULL,
  `created_at` datetime NOT NULL,
  `available_at` datetime NOT NULL,
  `delivered_at` datetime DEFAULT NULL,
  PRIMARY KEY (`id`),
  KEY `IDX_75EA56E0FB7336F0E3BD61CE16BA31DBBF396750` (`queue_name`,`available_at`,`delivered_at`,`id`)
) ENGINE=InnoDB DEFAULT CHARSET=utf8mb4 COLLATE=utf8mb4_unicode_ci;

-- Listage des données de la table minifacturier.messenger_messages : ~0 rows (environ)

-- Listage de la structure de table minifacturier. seller
CREATE TABLE IF NOT EXISTS `seller` (
  `id` int NOT NULL AUTO_INCREMENT,
  `first_name_seller` varchar(100) COLLATE utf8mb4_unicode_ci NOT NULL,
  `last_name_seller` varchar(100) COLLATE utf8mb4_unicode_ci NOT NULL,
  `phone_seller` varchar(20) COLLATE utf8mb4_unicode_ci DEFAULT NULL,
  PRIMARY KEY (`id`)
) ENGINE=InnoDB DEFAULT CHARSET=utf8mb4 COLLATE=utf8mb4_unicode_ci;

-- Listage des données de la table minifacturier.seller : ~100 rows (environ)
INSERT INTO `seller` (`id`, `first_name_seller`, `last_name_seller`, `phone_seller`) VALUES
	(1, 'Jean', 'Dupont', '0102030405'),
	(2, 'Marie', 'Martin', '0203040506'),
	(3, 'Pierre', 'Bernard', '0304050607'),
	(4, 'Sophie', 'Petit', '0405060708'),
	(5, 'Luc', 'Robert', '0506070809'),
	(6, 'Camille', 'Richard', '0607080910'),
	(7, 'Thomas', 'Durand', '0708091011'),
	(8, 'Julie', 'Dubois', '0901020304'),
	(9, 'Nicolas', 'Moreau', '0103040506'),
	(10, 'Claire', 'Laurent', '0204050607'),
	(11, 'Antoine', 'Simon', '0305060708'),
	(12, 'Laura', 'Michel', '0406070809'),
	(13, 'Hugo', 'Lefebvre', '0507080910'),
	(14, 'Emma', 'Leroy', '0608091011'),
	(15, 'Louis', 'Roux', '0709101112'),
	(16, 'Chloe', 'Vincent', '0902030405'),
	(17, 'Paul', 'Fournier', '0104050607'),
	(18, 'Manon', 'Girard', '0205060708'),
	(19, 'Leo', 'Andre', '0306070809'),
	(20, 'Sarah', 'Mercier', '0407080910'),
	(21, 'Nathan', 'Dupuis', '0508091011'),
	(22, 'Julie', 'Lambert', '0609101112'),
	(23, 'Arthur', 'Bonnet', '0701020304'),
	(24, 'Lucie', 'Francois', '0903040506'),
	(25, 'Gabriel', 'Martinez', '0105060708'),
	(26, 'Lea', 'Legrand', '0206070809'),
	(27, 'Jules', 'Garnier', '0307080910'),
	(28, 'Ines', 'Faure', '0408091011'),
	(29, 'Raphael', 'Rousseau', '0509101112'),
	(30, 'Eva', 'Blanc', '0601020304'),
	(31, 'Maxime', 'Guerin', '0702030405'),
	(32, 'Louise', 'Muller', '0904050607'),
	(33, 'Alexandre', 'Henry', '0106070809'),
	(34, 'Alice', 'Roussel', '0207080910'),
	(35, 'Quentin', 'Nicolas', '0308091011'),
	(36, 'Marine', 'Perrin', '0409101112'),
	(37, 'Baptiste', 'Morin', '0501020304'),
	(38, 'Jeanne', 'Mathieu', '0602030405'),
	(39, 'Valentin', 'Clement', '0703040506'),
	(40, 'Margaux', 'Gauthier', '0905060708'),
	(41, 'Theo', 'Dumont', '0107080910'),
	(42, 'Agathe', 'Lopez', '0208091011'),
	(43, 'Benjamin', 'Fontaine', '0309101112'),
	(44, 'Romane', 'Chevalier', '0401020304'),
	(45, 'Corentin', 'Robin', '0502030405'),
	(46, 'Lola', 'Masson', '0603040506'),
	(47, 'Adrien', 'Sanchez', '0704050607'),
	(48, 'Elsa', 'Gerard', '0906070809'),
	(49, 'Matthieu', 'Nguyen', '0108091011'),
	(50, 'Anais', 'Boyer', '0209101112'),
	(51, 'Florian', 'Denis', '0301020304'),
	(52, 'Noemie', 'Lemaire', '0402030405'),
	(53, 'Clement', 'Duval', '0503040506'),
	(54, 'Amandine', 'Joly', '0604050607'),
	(55, 'Damien', 'Gautier', '0705060708'),
	(56, 'Oceane', 'Roger', '0907080910'),
	(57, 'Sebastien', 'Roche', '0109101112'),
	(58, 'Pauline', 'Roy', '0201020304'),
	(59, 'Kevin', 'Noel', '0302030405'),
	(60, 'Elodie', 'Meyer', '0403040506'),
	(61, 'Romain', 'Lucas', '0504050607'),
	(62, 'Morgane', 'Meunier', '0605060708'),
	(63, 'Julien', 'Berger', '0706070809'),
	(64, 'Charlotte', 'Leclerc', '0908091011'),
	(65, 'Guillaume', 'Renard', '0101020304'),
	(66, 'Melanie', 'Marchand', '0202030405'),
	(67, 'Yann', 'Colin', '0303040506'),
	(68, 'Celine', 'Vidal', '0404050607'),
	(69, 'Benoit', 'Caron', '0505060708'),
	(70, 'Audrey', 'Picard', '0606070809'),
	(71, 'Franck', 'Renault', '0707080910'),
	(72, 'Helene', 'Aubert', '0909101112'),
	(73, 'Jerome', 'Lemoine', '0102030406'),
	(74, 'Sandra', 'Brun', '0203040507'),
	(75, 'Fabien', 'Gaillard', '0304050608'),
	(76, 'Marion', 'Barbier', '0405060709'),
	(77, 'Cedric', 'Arnaud', '0506070810'),
	(78, 'Amelie', 'Renaud', '0607080911'),
	(79, 'Xavier', 'Schmitt', '0708091012'),
	(80, 'Caroline', 'Marin', '0901020305'),
	(81, 'Loic', 'Bourgeois', '0103040507'),
	(82, 'Fanny', 'Moulin', '0204050608'),
	(83, 'Stephane', 'Paris', '0305060709'),
	(84, 'Laetitia', 'Bailly', '0406070810'),
	(85, 'Vincent', 'Lacroix', '0507080911'),
	(86, 'Delphine', 'Lefevre', '0608091012'),
	(87, 'Eric', 'Charles', '0709101113'),
	(88, 'Nathalie', 'Perrot', '0902030406'),
	(89, 'Samuel', 'Huet', '0104050608'),
	(90, 'Clara', 'Benoit', '0205060709'),
	(91, 'Frederic', 'Jacquet', '0306070810'),
	(92, 'Justine', 'Maillard', '0407080911'),
	(93, 'Olivier', 'Adam', '0508091012'),
	(94, 'Estelle', 'Marechal', '0609101113'),
	(95, 'Christophe', 'Leroux', '0701020305'),
	(96, 'Maeva', 'Parisot', '0903040507'),
	(97, 'Patrice', 'Pascal', '0105060709'),
	(98, 'Aurelie', 'Cordier', '0206070810'),
	(99, 'Didier', 'Besson', '0307080911'),
	(100, 'Solene', 'Poirier', '0408091012');

/*!40103 SET TIME_ZONE=IFNULL(@OLD_TIME_ZONE, 'system') */;
/*!40101 SET SQL_MODE=IFNULL(@OLD_SQL_MODE, '') */;
/*!40014 SET FOREIGN_KEY_CHECKS=IFNULL(@OLD_FOREIGN_KEY_CHECKS, 1) */;
/*!40101 SET CHARACTER_SET_CLIENT=@OLD_CHARACTER_SET_CLIENT */;
/*!40111 SET SQL_NOTES=IFNULL(@OLD_SQL_NOTES, 1) */;
